date,hash_rate
2019-01-01,
2019-01-02,42174589.1025465
2019-01-03,42174589.1025465
2019-01-04,41615985.2733737
2019-01-05,41615985.2733737
2019-01-06,39381569.9566825
2019-01-07,39381569.9566825
2019-01-08,47202023.5651017
2019-01-09,47202023.5651017
2019-01-10,43571098.6754785
2019-01-11,43571098.6754785
2019-01-12,38543664.2129233
2019-01-13,38543664.2129233
2019-01-14,43423390.2168908
2019-01-15,43423390.2168908
2019-01-16,38901788.6362525
2019-01-17,38901788.6362525
2019-01-18,40364261.8932544
2019-01-19,40364261.8932544
2019-01-20,45921660.2698619
2019-01-21,45921660.2698619
2019-01-22,38024304.6820513
2019-01-23,38024304.6820513
2019-01-24,47384133.5268639
2019-01-25,47384133.5268639
2019-01-26,43874197.7100592
2019-01-27,43874197.7100592
2019-01-28,42070546.8156134
2019-01-29,42070546.8156134
2019-01-30,39310584.1188136
2019-01-31,39310584.1188136
2019-02-01,45669649.196857
2019-02-02,45669649.196857
2019-02-03,39888680.9440903
2019-02-04,39888680.9440903
2019-02-05,42490116.6578353
2019-02-06,42490116.6578353
2019-02-07,50294423.7990704
2019-02-08,50294423.7990704
2019-02-09,43357261.8957503
2019-02-10,43357261.8957503
2019-02-11,43691361.6410373
2019-02-12,43691361.6410373
2019-02-13,46101919.5246807
2019-02-14,46101919.5246807
2019-02-15,38267606.4028396
2019-02-16,38267606.4028396
2019-02-17,47909837.9374133
2019-02-18,47909837.9374133
2019-02-19,47005878.731047
2019-02-20,47005878.731047
2019-02-21,35857048.5191961
2019-02-22,35857048.5191961
2019-02-23,43088722.1701264
2019-02-24,43088722.1701264
2019-02-25,43162133.913638
2019-02-26,43162133.913638
2019-02-27,42558467.7050556
2019-02-28,42558467.7050556
2019-03-01,48896962.8951703
2019-03-02,48896962.8951703
2019-03-03,44067633.2265115
2019-03-04,44067633.2265115
2019-03-05,44973132.539385
2019-03-06,44973132.539385
2019-03-07,42860300.8093468
2019-03-08,42860300.8093468
2019-03-09,41652968.3921821
2019-03-10,41652968.3921821
2019-03-11,42839445.3543434
2019-03-12,42839445.3543434
2019-03-13,40727641.7101152
2019-03-14,40727641.7101152
2019-03-15,46157993.9381306
2019-03-16,46157993.9381306
2019-03-17,44046190.2939024
2019-03-18,44046190.2939024
2019-03-19,52493404.8708152
2019-03-20,52493404.8708152
2019-03-21,43141131.5892332
2019-03-22,43141131.5892332
2019-03-23,43744504.0590126
2019-03-24,43744504.0590126
2019-03-25,46933020.833036
2019-03-26,46933020.833036
2019-03-27,47250135.8386646
2019-03-28,47250135.8386646
2019-03-29,46615905.8274074
2019-03-30,46615905.8274074
2019-03-31,44078985.7823784
2019-04-01,44078985.7823784
2019-04-02,49787055.8836936
2019-04-03,49787055.8836936
2019-04-04,44396100.788007
2019-04-05,44396100.788007
2019-04-06,44081037.5636847
2019-04-07,44081037.5636847
2019-04-08,47034242.0441478
2019-04-09,47034242.0441478
2019-04-10,47034242.0441478
2019-04-11,47034242.0441478
2019-04-12,47987638.84234
2019-04-13,47987638.84234
2019-04-14,38771469.7931489
2019-04-15,38771469.7931489
2019-04-16,46080845.2459556
2019-04-17,46080845.2459556
2019-04-18,47352040.9768785
2019-04-19,47352040.9768785
2019-04-20,41631660.1877254
2019-04-21,41631660.1877254
2019-04-22,42318655.5416624
2019-04-23,42318655.5416624
2019-04-24,51477170.5469476
2019-04-25,51477170.5469476
2019-04-26,47687440.1999331
2019-04-27,47687440.1999331
2019-04-28,51477170.5469476
2019-04-29,51477170.5469476
2019-04-30,44213520.7151697
2019-05-01,44213520.7151697
2019-05-02,58109198.6542231
2019-05-03,58109198.6542231
2019-05-04,43006075.3622154
2019-05-05,43006075.3622154
2019-05-06,50308167.4802404
2019-05-07,50308167.4802404
2019-05-08,50641334.152295
2019-05-09,50641334.152295
2019-05-10,41645834.0068216
2019-05-11,41645834.0068216
2019-05-12,52640334.1846224
2019-05-13,52640334.1846224
2019-05-14,50641334.152295
2019-05-15,50641334.152295
2019-05-16,48642334.1199676
2019-05-17,48642334.1199676
2019-05-18,50986743.450853
2019-05-19,50986743.450853
2019-05-20,53659544.8294566
2019-05-21,53659544.8294566
2019-05-22,55659279.4193742
2019-05-23,55659279.4193742
2019-05-24,50993232.0428998
2019-05-25,50993232.0428998
2019-05-26,54992701.222735
2019-05-27,54992701.222735
2019-05-28,54659412.1244154
2019-05-29,54659412.1244154
2019-05-30,53664058.5059824
2019-05-31,53664058.5059824
2019-06-01,55994233.735333
2019-06-02,55994233.735333
2019-06-03,44127906.056322
2019-06-04,44127906.056322
2019-06-05,59331638.3950548
2019-06-06,59331638.3950548
2019-06-07,58589992.9151166
2019-06-08,58589992.9151166
2019-06-09,54510942.7754566
2019-06-10,54510942.7754566
2019-06-11,53027651.8155803
2019-06-12,53027651.8155803
2019-06-13,55994233.735333
2019-06-14,55994233.735333
2019-06-15,53775192.2320125
2019-06-16,53775192.2320125
2019-06-17,48986990.1839566
2019-06-18,48986990.1839566
2019-06-19,65193212.5004535
2019-06-20,65193212.5004535
2019-06-21,48986990.1839566
2019-06-22,48986990.1839566
2019-06-23,66666505.4383169
2019-06-24,66666505.4383169
2019-06-25,53775192.2320125
2019-06-26,53775192.2320125
2019-06-27,55539973.1845089
2019-06-28,55539973.1845089
2019-06-29,68631991.643206
2019-06-30,68631991.643206
2019-07-01,56404452.902175
2019-07-02,56404452.902175
2019-07-03,67843118.1760427
2019-07-04,67843118.1760427
2019-07-05,74548542.6469306
2019-07-06,74548542.6469306
2019-07-07,60348820.2379915
2019-07-08,60348820.2379915
2019-07-09,65740170.4585491
2019-07-10,65740170.4585491
2019-07-11,58125055.9333793
2019-07-12,58125055.9333793
2019-07-13,63532037.8806704
2019-07-14,63532037.8806704
2019-07-15,65784947.025375
2019-07-16,65784947.025375
2019-07-17,59927383.249143
2019-07-18,59927383.249143
2019-07-19,53168655.8150291
2019-07-20,53168655.8150291
2019-07-21,67136692.5121977
2019-07-22,67136692.5121977
2019-07-23,64212845.1846116
2019-07-24,64212845.1846116
2019-07-25,67211666.9196491
2019-07-26,67211666.9196491
2019-07-27,68107822.4785777
2019-07-28,68107822.4785777
2019-07-29,75277066.950007
2019-07-30,75277066.950007
2019-07-31,76621300.2883999
2019-08-01,76621300.2883999
2019-08-02,75725144.7294713
2019-08-03,75725144.7294713
2019-08-04,74828989.1705426
2019-08-05,74828989.1705426
2019-08-06,79916269.034042
2019-08-07,79916269.034042
2019-08-08,70485156.5393414
2019-08-09,70485156.5393414
2019-08-10,74952525.6157785
2019-08-11,74952525.6157785
2019-08-12,66017787.4629043
2019-08-13,66017787.4629043
2019-08-14,75448899.9576049
2019-08-15,75448899.9576049
2019-08-16,72967028.2484731
2019-08-17,72967028.2484731
2019-08-18,62740159.3489764
2019-08-19,62740159.3489764
2019-08-20,77452265.232684
2019-08-21,77452265.232684
2019-08-22,71377577.7634539
2019-08-23,71377577.7634539
2019-08-24,80995832.9230682
2019-08-25,80995832.9230682
2019-08-26,69352681.9403772
2019-08-27,69352681.9403772
2019-08-28,76439817.3211456
2019-08-29,76439817.3211456
2019-08-30,80995832.9230682
2019-08-31,80995832.9230682
2019-09-01,75959123.8204752
2019-09-02,75959123.8204752
2019-09-03,87818532.8105646
2019-09-04,87818532.8105646
2019-09-05,88354011.6691656
2019-09-06,88354011.6691656
2019-09-07,80321828.7901505
2019-09-08,80321828.7901505
2019-09-09,78179913.3557465
2019-09-10,78179913.3557465
2019-09-11,98528109.9825847
2019-09-12,98528109.9825847
2019-09-13,81711974.361587
2019-09-14,81711974.361587
2019-09-15,86889448.1743942
2019-09-16,86889448.1743942
2019-09-17,87480532.8558527
2019-09-18,87480532.8558527
2019-09-19,87480532.8558527
2019-09-20,87480532.8558527
2019-09-21,98120057.122105
2019-09-22,98120057.122105
2019-09-23,67383653.6862649
2019-09-24,67383653.6862649
2019-09-25,92209210.3075204
2019-09-26,92209210.3075204
2019-09-27,83726816.3184488
2019-09-28,83726816.3184488
2019-09-29,86263992.570523
2019-09-30,86263992.570523
2019-10-01,90704051.0116529
2019-10-02,90704051.0116529
2019-10-03,93241227.2637271
2019-10-04,93241227.2637271
2019-10-05,100218461.956931
2019-10-06,100218461.956931
2019-10-07,98315579.7678755
2019-10-08,98315579.7678755
2019-10-09,87532580.6965601
2019-10-10,87532580.6965601
2019-10-11,100875176.08461
2019-10-12,100875176.08461
2019-10-13,91822275.6667605
2019-10-14,91822275.6667605
2019-10-15,98935268.8522138
2019-10-16,98935268.8522138
2019-10-17,96995361.6198175
2019-10-18,96995361.6198175
2019-10-19,91822275.6667605
2019-10-20,91822275.6667605
2019-10-21,102815083.317007
2019-10-22,102815083.317007
2019-10-23,109144376.317496
2019-10-24,109144376.317496
2019-10-25,93923788.6805996
2019-10-26,93923788.6805996
2019-10-27,78269823.9004996
2019-10-28,78269823.9004996
2019-10-29,90520752.8588387
2019-10-30,90520752.8588387
2019-10-31,89840145.6944865
2019-11-01,89840145.6944865
2019-11-02,91201360.0231908
2019-11-03,91201360.0231908
2019-11-04,89840145.6944865
2019-11-05,89840145.6944865
2019-11-06,89840145.6944865
2019-11-07,89840145.6944865
2019-11-08,80936306.1161364
2019-11-09,80936306.1161364
2019-11-10,104964271.994364
2019-11-11,104964271.994364
2019-11-12,85362510.3568626
2019-11-13,85362510.3568626
2019-11-14,106861216.668961
2019-11-15,106861216.668961
2019-11-16,93582603.9467827
2019-11-17,93582603.9467827
2019-11-18,88524084.8145242
2019-11-19,88524084.8145242
2019-11-20,89788714.5975888
2019-11-21,89788714.5975888
2019-11-22,85127203.6530772
2019-11-23,85127203.6530772
2019-11-24,84482300.5950993
2019-11-25,84482300.5950993
2019-11-26,78678173.0732986
2019-11-27,78678173.0732986
2019-11-28,105119198.450391
2019-11-29,105119198.450391
2019-11-30,81257785.30521
2019-12-01,81257785.30521
2019-12-02,93510943.4067893
2019-12-03,93510943.4067893
2019-12-04,107698810.682302
2019-12-05,107698810.682302
2019-12-06,92816137.3771571
2019-12-07,92816137.3771571
2019-12-08,94736471.2539258
2019-12-09,94736471.2539258
2019-12-10,94736471.2539258
2019-12-11,94736471.2539258
2019-12-12,85134801.870082
2019-12-13,85134801.870082
2019-12-14,96656805.1306946
2019-12-15,96656805.1306946
2019-12-16,100497472.884232
2019-12-17,100497472.884232
2019-12-18,85774913.1623382
2019-12-19,85774913.1623382
2019-12-20,100413778.963629
2019-12-21,100413778.963629
2019-12-22,108781593.877265
2019-12-23,108781593.877265
2019-12-24,80459758.7849593
2019-12-25,80459758.7849593
2019-12-26,107494237.736706
2019-12-27,107494237.736706
2019-12-28,95908032.4716714
2019-12-29,95908032.4716714
2019-12-30,106850559.666426
2019-12-31,106850559.666426
2020-01-01,112718458.532564
2020-01-02,112718458.532564
2020-01-03,115924073.721928
2020-01-04,115924073.721928
2020-01-05,111808426.134167
2020-01-06,111808426.134167
2020-01-07,120725662.574316
2020-01-08,120725662.574316
2020-01-09,107692778.546407
2020-01-10,107692778.546407
2020-01-11,111808426.134167
2020-01-12,111808426.134167
2020-01-13,98089600.8416314
2020-01-14,98089600.8416314
2020-01-15,110915119.366187
2020-01-16,110915119.366187
2020-01-17,116791417.080951
2020-01-18,116791417.080951
2020-01-19,110180582.151841
2020-01-20,110180582.151841
2020-01-21,112384193.794878
2020-01-22,112384193.794878
2020-01-23,116791417.080951
2020-01-24,116791417.080951
2020-01-25,120464103.152679
2020-01-26,120464103.152679
2020-01-27,94755300.6505832
2020-01-28,94755300.6505832
2020-01-29,123011831.712795
2020-01-30,123011831.712795
2020-01-31,110710648.541515
2020-02-01,110710648.541515
2020-02-02,109941824.59331
2020-02-03,109941824.59331
2020-02-04,101484761.163056
2020-02-05,101484761.163056
2020-02-06,103791233.007671
2020-02-07,103791233.007671
2020-02-08,106866528.80049
2020-02-09,106866528.80049
2020-02-10,93796521.681006
2020-02-11,93796521.681006
2020-02-12,109742275.18922
2020-02-13,109742275.18922
2020-02-14,104332444.722146
2020-02-15,104332444.722146
2020-02-16,109742275.18922
2020-02-17,109742275.18922
2020-02-18,115924938.580162
2020-02-19,115924938.580162
2020-02-20,97376948.4073364
2020-02-21,97376948.4073364
2020-02-22,114379272.732427
2020-02-23,114379272.732427
2020-02-24,108969442.265353
2020-02-25,108969442.265353
2020-02-26,104700775.427287
2020-02-27,104700775.427287
2020-02-28,121637665.569937
2020-02-29,121637665.569937
2020-03-01,136264979.784043
2020-03-02,136264979.784043
2020-03-03,117788372.355698
2020-03-04,117788372.355698
2020-03-05,125486958.784175
2020-03-06,125486958.784175
2020-03-07,120867806.927089
2020-03-08,120867806.927089
2020-03-09,119877105.097528
2020-03-10,119877105.097528
2020-03-11,97919187.3154346
2020-03-12,97919187.3154346
2020-03-13,102856289.196885
2020-03-14,102856289.196885
2020-03-15,97919187.3154346
2020-03-16,97919187.3154346
2020-03-17,101210588.569735
2020-03-18,101210588.569735
2020-03-19,88044983.5525337
2020-03-20,88044983.5525337
2020-03-21,102033438.88331
2020-03-22,102033438.88331
2020-03-23,92159235.1204091
2020-03-24,92159235.1204091
2020-03-25,75702228.8489074
2020-03-26,75702228.8489074
2020-03-27,107197274.863781
2020-03-28,107197274.863781
2020-03-29,104430893.576974
2020-03-30,104430893.576974
2020-03-31,109963656.150588
2020-04-01,109963656.150588
2020-04-02,105814084.220377
2020-04-03,105814084.220377
2020-04-04,108580465.507185
2020-04-05,108580465.507185
2020-04-06,88524201.1778319
2020-04-07,88524201.1778319
2020-04-08,103061194.836332
2020-04-09,103061194.836332
2020-04-10,119234053.153915
2020-04-11,119234053.153915
2020-04-12,111919080.567785
2020-04-13,111919080.567785
2020-04-14,122891539.44698
2020-04-15,122891539.44698
2020-04-16,112650577.826398
2020-04-17,112650577.826398
2020-04-18,115576566.86085
2020-04-19,115576566.86085
2020-04-20,117771058.636689
2020-04-21,117771058.636689
2020-04-22,103923467.233466
2020-04-23,103923467.233466
2020-04-24,114236483.065795
2020-04-25,114236483.065795
2020-04-26,108683320.694541
2020-04-27,108683320.694541
2020-04-28,122169572.167586
2020-04-29,122169572.167586
2020-04-30,107096702.874182
2020-05-01,107096702.874182
2020-05-02,117409718.706511
2020-05-03,117409718.706511
2020-05-04,125342807.808302
2020-05-05,125342807.808302
2020-05-06,123288445.655594
2020-05-07,123288445.655594
2020-05-08,109678682.174133
2020-05-09,109678682.174133
2020-05-10,136097634.814617
2020-05-11,136097634.814617
2020-05-12,116883851.076083
2020-05-13,116883851.076083
2020-05-14,91265472.7580373
2020-05-15,91265472.7580373
2020-05-16,100872364.627304
2020-05-17,100872364.627304
2020-05-18,102473513.272182
2020-05-19,102473513.272182
2020-05-20,86971887.3185643
2020-05-21,86971887.3185643
2020-05-22,83529299.4740014
2020-05-23,83529299.4740014
2020-05-24,87291880.5313888
2020-05-25,87291880.5313888
2020-05-26,93312010.2232088
2020-05-27,93312010.2232088
2020-05-28,98579623.7035512
2020-05-29,98579623.7035512
2020-05-30,117392528.990488
2020-05-31,117392528.990488
2020-06-01,100837172.337984
2020-06-02,100837172.337984
2020-06-03,104599753.395371
2020-06-04,104599753.395371
2020-06-05,122192367.725211
2020-06-06,122192367.725211
2020-06-07,108539589.208428
2020-06-08,108539589.208428
2020-06-09,109222228.134267
2020-06-10,109222228.134267
2020-06-11,126288201.280246
2020-06-12,126288201.280246
2020-06-13,107856950.282588
2020-06-14,107856950.282588
2020-06-15,94204171.7658051
2020-06-16,94204171.7658051
2020-06-17,108283617.573483
2020-06-18,108283617.573483
2020-06-19,111422273.155323
2020-06-20,111422273.155323
2020-06-21,114560928.737163
2020-06-22,114560928.737163
2020-06-23,123976895.482684
2020-06-24,123976895.482684
2020-06-25,110637609.259863
2020-06-26,110637609.259863
2020-06-27,108283617.573483
2020-06-28,108283617.573483
2020-06-29,113776264.841703
2020-06-30,113776264.841703
2020-07-01,127111309.039231
2020-07-02,127111309.039231
2020-07-03,127895946.749349
2020-07-04,127895946.749349
2020-07-05,127895946.749349
2020-07-06,127895946.749349
2020-07-07,126326671.329112
2020-07-08,126326671.329112
2020-07-09,128680584.459468
2020-07-10,128680584.459468
2020-07-11,122403482.778518
2020-07-12,122403482.778518
2020-07-13,121086665.700822
2020-07-14,121086665.700822
2020-07-15,118993507.769967
2020-07-16,118993507.769967
2020-07-17,101748071.861276
2020-07-18,101748071.861276
2020-07-19,112957605.201925
2020-07-20,112957605.201925
2020-07-21,107783974.429318
2020-07-22,107783974.429318
2020-07-23,117268964.179098
2020-07-24,117268964.179098
2020-07-25,122442594.951705
2020-07-26,122442594.951705
2020-07-27,128205972.903398
2020-07-28,128205972.903398
2020-07-29,123949530.886168
2020-07-30,123949530.886168
2020-07-31,128137015.037728
2020-08-01,128137015.037728
2020-08-02,118087053.073985
2020-08-03,118087053.073985
2020-08-04,121437040.395232
2020-08-05,121437040.395232
2020-08-06,130649505.528664
2020-08-07,130649505.528664
2020-08-08,118924549.904297
2020-08-09,118924549.904297
2020-08-10,114901504.532898
2020-08-11,114901504.532898
2020-08-12,132269332.313077
2020-08-13,132269332.313077
2020-08-14,140694130.549579
2020-08-15,140694130.549579
2020-08-16,128056933.194826
2020-08-17,128056933.194826
2020-08-18,117947175.311024
2020-08-19,117947175.311024
2020-08-20,123002054.25292505
2020-08-21,123002054.25292505
2020-08-22,114577256.01642336
2020-08-23,114577256.01642336
2020-08-24,128441437.17505692
2020-08-25,128441437.17505692
2020-08-26,123939384.6465301
2020-08-27,123939384.6465301
2020-08-28,142268448.57312962
2020-08-29,142268448.57312962
2020-08-30,110847196.12753047
2020-08-31,110847196.12753047
2020-09-01,134413135.46172985
2020-09-02,134413135.46172985
2020-09-03,112592821.26339707
2020-09-04,112592821.26339707
2020-09-05,123066572.0785968
2020-09-06,123066572.0785968
2020-09-07,151762133.7678071
2020-09-08,151762133.7678071
2020-09-09,128478859.9612265
2020-09-10,128478859.9612265
2020-09-11,118993843.45402186
2020-09-12,118993843.45402186
2020-09-13,139688424.9242865
2020-09-14,139688424.9242865
2020-09-15,134514779.55672038
2020-09-16,134514779.55672038
2020-09-17,153484812.57112962
2020-09-18,153484812.57112962
2020-09-19,128478859.9612265
2020-09-20,128478859.9612265
2020-09-21,139219832.7594406
2020-09-22,139219832.7594406
2020-09-23,136339422.42648664
2020-09-24,136339422.42648664
2020-09-25,162263115.42307216
2020-09-26,162263115.42307216
2020-09-27,145940790.2029998
2020-09-28,145940790.2029998
2020-09-29,135379285.64883536
2020-09-30,135379285.64883536
2020-10-01,119056960.428763
2020-10-02,119056960.428763
2020-10-03,144980653.4253485
2020-10-04,144980653.4253485
2020-10-05,134303836.4311328
2020-10-06,134303836.4311328
2020-10-07,144856280.7221504
2020-10-08,144856280.7221504
2020-10-09,136222462.66586328
2020-10-10,136222462.66586328
2020-10-11,134303836.4311328
2020-10-12,134303836.4311328
2020-10-13,159245977.48262888
2020-10-14,159245977.48262888
2020-10-15,144856280.7221504
2020-10-16,144856280.7221504
2020-10-17,152419671.45957646
2020-10-18,152419671.45957646
2020-10-19,124259120.51977606
2020-10-20,124259120.51977606
2020-10-21,129229485.3405671
2020-10-22,129229485.3405671
2020-10-23,130223558.30472532
2020-10-24,130223558.30472532
2020-10-25,116306536.80651039
2020-10-26,116306536.80651039
2020-10-27,98413223.45166263
2020-10-28,98413223.45166263
2020-10-29,107359880.12908651
2020-10-30,107359880.12908651
2020-10-31,112330244.94987755
2020-11-01,112330244.94987755
2020-11-02,94436931.5950298
2020-11-03,94436931.5950298
2020-11-04,132689483.0919183
2020-11-05,132689483.0919183
2020-11-06,127682332.78656289
2020-11-07,127682332.78656289
2020-11-08,115164457.02317438
2020-11-09,115164457.02317438
2020-11-10,122675182.48120748
2020-11-11,122675182.48120748
2020-11-12,133524008.14281088
2020-11-13,133524008.14281088
2020-11-14,118502557.22674464
2020-11-15,118502557.22674464
2020-11-16,135534841.86269382
2020-11-17,135534841.86269382
2020-11-18,147831351.5740483
2020-11-19,147831351.5740483
2020-11-20,146956609.8487581
2020-11-21,146956609.8487581
2020-11-22,152205060.20049945
2020-11-23,152205060.20049945
2020-11-24,118964874.63947083
2020-11-25,118964874.63947083
2020-11-26,131211258.79353401
2020-11-27,131211258.79353401
2020-11-28,134710225.69469494
2020-11-29,134710225.69469494
2020-11-30,107610727.917311
2020-12-01,107610727.917311
2020-12-02,124752259.79794464
2020-12-03,124752259.79794464
2020-12-04,137132255.0450689
2020-12-05,137132255.0450689
2020-12-06,129513796.43145394
2020-12-07,129513796.43145394
2020-12-08,137132255.0450689
2020-12-09,137132255.0450689
2020-12-10,123799952.47124276
2020-12-11,123799952.47124276
2020-12-12,125704567.1246465
2020-12-13,125704567.1246465
2020-12-14,134574371.39496115
2020-12-15,134574371.39496115
2020-12-16,132718173.16882376
2020-12-17,132718173.16882376
2020-12-18,145711560.75178552
2020-12-19,145711560.75178552
2020-12-20,140142966.07337332
2020-12-21,140142966.07337332
2020-12-22,132718173.16882376
2020-12-23,132718173.16882376
2020-12-24,116940488.24665588
2020-12-25,116940488.24665588
2020-12-26,127149578.49041158
2020-12-27,127149578.49041158
2020-12-28,147938033.9968089
2020-12-29,147938033.9968089
2020-12-30,159029615.0943604
2020-12-31,159029615.0943604
2021-01-01,137764027.0294169
2021-01-02,137764027.0294169
2021-01-03,146085344.09830785
2021-01-04,146085344.09830785
2021-01-05,145160753.31287554
2021-01-06,145160753.31287554
2021-01-07,155331251.95263115
2021-01-08,155331251.95263115
2021-01-09,133808024.52210465
2021-01-10,133808024.52210465
2021-01-11,157757649.32336533
2021-01-12,157757649.32336533
2021-01-13,155708848.68280214
2021-01-14,155708848.68280214
2021-01-15,158782049.6436469
2021-01-16,158782049.6436469
2021-01-17,136245242.59745187
2021-01-18,136245242.59745187
2021-01-19,152635647.72195736
2021-01-20,152635647.72195736
2021-01-21,132147641.31632549
2021-01-22,132147641.31632549
2021-01-23,159781151.23197326
2021-01-24,159781151.23197326
2021-01-25,144920068.73582825
2021-01-26,144920068.73582825
2021-01-27,146990355.43205437
2021-01-28,146990355.43205437
2021-01-29,157341788.913185
2021-01-30,157341788.913185
2021-01-31,149060642.12828052
2021-02-01,149060642.12828052
2021-02-02,157341788.913185
2021-02-03,157341788.913185
2021-02-04,165622935.69808948
2021-02-05,165622935.69808948
2021-02-06,169021265.50315762
2021-02-07,169021265.50315762
2021-02-08,172612555.6190783
2021-02-09,172612555.6190783
2021-02-10,152367873.16992718
2021-02-11,152367873.16992718
2021-02-12,151302363.56734022
2021-02-13,151302363.56734022
2021-02-14,158760930.78544855
2021-02-15,158760930.78544855
2021-02-16,128926661.9130153
2021-02-17,128926661.9130153
2021-02-18,145974815.55440575
2021-02-19,145974815.55440575
2021-02-20,157667240.0893604
2021-02-21,157667240.0893604
2021-02-22,143628376.2457872
2021-02-23,143628376.2457872
2021-02-24,171706103.93293357
2021-02-25,171706103.93293357
2021-02-26,150107851.8658979
2021-02-27,150107851.8658979
2021-02-28,141468551.03908366
2021-03-01,141468551.03908366
2021-03-02,154427502.27930507
2021-03-03,154427502.27930507
2021-03-04,138228813.22902828
2021-03-05,138228813.22902828
2021-03-06,162254330.9888254
2021-03-07,162254330.9888254
2021-03-08,165260948.9419896
2021-03-09,165260948.9419896
2021-03-10,158863750.91842875
2021-03-11,158863750.91842875
2021-03-12,159929950.58902222
2021-03-13,159929950.58902222
2021-03-14,167393348.28317663
2021-03-15,167393348.28317663
2021-03-16,158863750.91842875
2021-03-17,158863750.91842875
2021-03-18,162062349.9302092
2021-03-19,162062349.9302092
2021-03-20,167389189.0439892
2021-03-21,167389189.0439892
2021-03-22,164128360.68598944
2021-03-23,164128360.68598944
2021-03-24,165215303.47198936
2021-03-25,165215303.47198936
2021-03-26,147824218.8959905
2021-03-27,147824218.8959905
2021-03-28,172823902.97398886
2021-03-29,172823902.97398886
2021-03-30,158693646.7559898
2021-03-31,158693646.7559898
2021-04-01,157606703.96998987
2021-04-02,157606703.96998987
2021-04-03,150672055.73110902
2021-04-04,150672055.73110902
2021-04-05,179426264.84009933
2021-04-06,179426264.84009933
2021-04-07,180576433.20445892
2021-04-08,180576433.20445892
2021-04-09,174825591.38266087
2021-04-10,174825591.38266087
2021-04-11,166774412.8321436
2021-04-12,166774412.8321436
2021-04-13,163323907.73906472
2021-04-14,163323907.73906472
2021-04-15,198514005.70963436
2021-04-16,198514005.70963436
2021-04-17,106676265.69285686
2021-04-18,106676265.69285686
2021-04-19,113709865.62864962
2021-04-20,113709865.62864962
2021-04-21,118398932.25251147
2021-04-22,118398932.25251147
2021-04-23,158255998.5553371
2021-04-24,158255998.5553371
2021-04-25,165289598.49112985
2021-04-26,165289598.49112985
2021-04-27,166461865.14709532
2021-04-28,166461865.14709532
2021-04-29,143016532.0277861
2021-04-30,143016532.0277861
2021-05-01,158954589.9843886
2021-05-02,158954589.9843886
2021-05-03,181331416.27324066
2021-05-04,181331416.27324066
2021-05-05,160841990.70564282
2021-05-06,160841990.70564282
2021-05-07,176209059.88134116
2021-05-08,176209059.88134116
2021-05-09,190551657.77865964
2021-05-10,190551657.77865964
2021-05-11,176209059.88134116
2021-05-12,176209059.88134116
2021-05-13,185896531.25400168
2021-05-14,185896531.25400168
2021-05-15,153143321.1195184
2021-05-16,153143321.1195184
2021-05-17,150653185.81676203
2021-05-18,150653185.81676203
2021-05-19,155633456.42227483
2021-05-20,155633456.42227483
2021-05-21,136957441.6516018
2021-05-22,136957441.6516018
2021-05-23,148163050.51400563
2021-05-24,148163050.51400563
2021-05-25,153143321.1195184
2021-05-26,153143321.1195184
2021-05-27,145672915.21124923
2021-05-28,145672915.21124923
2021-05-29,144427847.55987102
2021-05-30,144427847.55987102
2021-05-31,147526659.02062267
2021-06-01,147526659.02062267
2021-06-02,173683868.0668324
2021-06-03,173683868.0668324
2021-06-04,137063775.4021388
2021-06-05,137063775.4021388
2021-06-06,156943254.27725816
2021-06-07,156943254.27725816
2021-06-08,155896965.91540977
2021-06-09,155896965.91540977
2021-06-10,123462026.69810976
2021-06-11,123462026.69810976
2021-06-12,138110063.76398718
2021-06-13,138110063.76398718
2021-06-14,133766696.2189013
2021-06-15,133766696.2189013
2021-06-16,121876323.22166562
2021-06-17,121876323.22166562
2021-06-18,122867187.63810194
2021-06-19,122867187.63810194
2021-06-20,104040763.72581212
2021-06-21,104040763.72581212
2021-06-22,90168661.89570382
2021-06-23,90168661.89570382
2021-06-24,104040763.72581212
2021-06-25,104040763.72581212
2021-06-26,88186933.06283121
2021-06-27,88186933.06283121
2021-06-28,86205204.22995861
2021-06-29,86205204.22995861
2021-06-30,88186933.06283121
2021-07-01,88186933.06283121
2021-07-02,89177797.47926754
2021-07-03,89177797.47926754
2021-07-04,82108836.0775171
2021-07-05,82108836.0775171
2021-07-06,101386562.80876024
2021-07-07,101386562.80876024
2021-07-08,99244593.17195547
2021-07-09,99244593.17195547
2021-07-10,114952370.50852396
2021-07-11,114952370.50852396
2021-07-12,89962724.74580133
2021-07-13,89962724.74580133
2021-07-14,121378279.41893831
2021-07-15,121378279.41893831
2021-07-16,107098481.84023969
2021-07-17,107098481.84023969
2021-07-18,97872242.08868839
2021-07-19,97872242.08868839
2021-07-20,82919538.43624988
2021-07-21,82919538.43624988
2021-07-22,103989257.2192314
2021-07-23,103989257.2192314
2021-07-24,104668925.56706952
2021-07-25,104668925.56706952
2021-07-26,101950252.17571706
2021-07-27,101950252.17571706
2021-07-28,106707930.61058386
2021-07-29,106707930.61058386
2021-07-30,112824945.7411269
2021-07-31,112824945.7411269
2021-08-01,110975800.79118258
2021-08-02,110975800.79118258
2021-08-03,121785132.03707698
2021-08-04,121785132.03707698
2021-08-05,115299533.28954034
2021-08-06,115299533.28954034
2021-08-07,120343887.87095772
2021-08-08,120343887.87095772
2021-08-09,109534556.62506332
2021-08-10,109534556.62506332
2021-08-11,105931446.20976518
2021-08-12,105931446.20976518
2021-08-13,108175319.62792763
2021-08-14,108175319.62792763
2021-08-15,140740165.58252627
2021-08-16,140740165.58252627
2021-08-17,133007189.45161822
2021-08-18,133007189.45161822
2021-08-19,119087832.41598378
2021-08-20,119087832.41598378
2021-08-21,131460594.22543663
2021-08-22,131460594.22543663
2021-08-23,152339629.77888831
2021-08-24,152339629.77888831
2021-08-25,130687447.2547367
2021-08-26,130687447.2547367
2021-08-27,127844614.11993943
2021-08-28,127844614.11993943
2021-08-29,136601094.53911337
2021-08-30,136601094.53911337
2021-08-31,126093318.03610466
2021-09-01,126093318.03610466
2021-09-02,130471558.24569161
2021-09-03,130471558.24569161
2021-09-04,135725446.49719596
2021-09-05,135725446.49719596
2021-09-06,150611463.20979166
2021-09-07,150611463.20979166
2021-09-08,129910433.67934506
2021-09-09,129910433.67934506
2021-09-10,124497447.94992428
2021-09-11,124497447.94992428
2021-09-12,134567094.4752858
2021-09-13,134567094.4752858
2021-09-14,153790965.11461234
2021-09-15,153790965.11461234
2021-09-16,124497447.94992428
2021-09-17,124497447.94992428
2021-09-18,141890473.7664578
2021-09-19,141890473.7664578
2021-09-20,150129275.4690263
2021-09-21,150129275.4690263
2021-09-22,126546633.84005067
2021-09-23,126546633.84005067
2021-09-24,139767923.94274256
2021-09-25,139767923.94274256
2021-09-26,131268523.16244063
2021-09-27,131268523.16244063
2021-09-28,143545435.4006545
2021-09-29,143545435.4006545
2021-09-30,161488614.82573634
2021-10-01,161488614.82573634
2021-10-02,177543038.52186212
2021-10-03,177543038.52186212
2021-10-04,147411968.39584854
2021-10-05,147411968.39584854
2021-10-06,129544410.9385932
2021-10-07,129544410.9385932
2021-10-08,118666635.97428384
2021-10-09,118666635.97428384
2021-10-10,157233292.66592607
2021-10-11,157233292.66592607
2021-10-12,132511076.83795026
2021-10-13,132511076.83795026
2021-10-14,135477742.7373074
2021-10-15,135477742.7373074
2021-10-16,131522188.20483124
2021-10-17,131522188.20483124
2021-10-18,146534419.32302314
2021-10-19,146534419.32302314
2021-10-20,148747371.68155453
2021-10-21,148747371.68155453
2021-10-22,157732112.25292358
2021-10-23,157732112.25292358
2021-10-24,152740589.71327412
2021-10-25,152740589.71327412
2021-10-26,149745676.18948442
2021-10-27,149745676.18948442
2021-10-28,152740589.71327412
2021-10-29,152740589.71327412
2021-10-30,154737198.72913387
2021-10-31,154737198.72913387
2021-11-01,159350397.00608382
2021-11-02,159350397.00608382
2021-11-03,173347391.33769932
2021-11-04,173347391.33769932
2021-11-05,166887240.1077229
2021-11-06,166887240.1077229
2021-11-07,164733856.36439747
2021-11-08,164733856.36439747
2021-11-09,163657164.49273473
2021-11-10,163657164.49273473
2021-11-11,170117315.72271112
2021-11-12,170117315.72271112
2021-11-13,164733856.36439747
2021-11-14,164733856.36439747
2021-11-15,170197841.36837798
2021-11-16,170197841.36837798
2021-11-17,167943565.3237637
2021-11-18,167943565.3237637
2021-11-19,154417909.05607805
2021-11-20,154417909.05607805
2021-11-21,148782218.94454235
2021-11-22,148782218.94454235
2021-11-23,148782218.94454235
2021-11-24,148782218.94454235
2021-11-25,146527942.89992806
2021-11-26,146527942.89992806
2021-11-27,161180737.1899209
2021-11-28,161180737.1899209
2021-11-29,158774565.17985132
2021-11-30,158774565.17985132
2021-12-01,152112695.31216523
2021-12-02,152112695.31216523
2021-12-03,186532356.29520994
2021-12-04,186532356.29520994
2021-12-05,184311733.00598127
2021-12-06,184311733.00598127
2021-12-07,170987993.2706091
2021-12-08,170987993.2706091
2021-12-09,180980798.07213816
2021-12-10,180980798.07213816
2021-12-11,176161777.07292455
2021-12-12,176161777.07292455
2021-12-13,169588347.7797351
2021-12-14,169588347.7797351
2021-12-15,169588347.7797351
2021-12-16,169588347.7797351
2021-12-17,179210381.69631582
2021-12-18,179210381.69631582
2021-12-19,179210381.69631582
2021-12-20,179210381.69631582
2021-12-21,193643432.5711869
2021-12-22,193643432.5711869
2021-12-23,182818644.41503358
2021-12-24,182818644.41503358
2021-12-25,177149566.7855162
2021-12-26,177149566.7855162
2021-12-27,178574456.88024485
2021-12-28,178574456.88024485
2021-12-29,174954704.37591556
2021-12-30,174954704.37591556
2021-12-31,179781041.0483546
2022-01-01,179781041.0483546
2022-01-02,190640298.56134245
2022-01-03,190640298.56134245
2022-01-04,177367872.71213505
2022-01-05,177367872.71213505
2022-01-06,176161288.5440253
2022-01-07,176161288.5440253
2022-01-08,174242949.24269608
2022-01-09,174242949.24269608
2022-01-10,172037609.10113046
2022-01-11,172037609.10113046
2022-01-12,168403011.72575447
2022-01-13,168403011.72575447
2022-01-14,192633660.89492777
2022-01-15,192633660.89492777
2022-01-16,212018180.23026645
2022-01-17,212018180.23026645
2022-01-18,164768414.35037845
2022-01-19,164768414.35037845
2022-01-20,204748985.47951442
2022-01-21,204748985.47951442
2022-01-22,177474949.66786668
2022-01-23,177474949.66786668
2022-01-24,198665988.43417916
2022-01-25,198665988.43417916
2022-01-26,172177189.9762886
2022-01-27,172177189.9762886
2022-01-28,203963748.12575728
2022-01-29,203963748.12575728
2022-01-30,193368228.74260104
2022-01-31,193368228.74260104
2022-02-01,203963748.12575728
2022-02-02,203963748.12575728
2022-02-03,194692668.66549554
2022-02-04,194692668.66549554
2022-02-05,157888391.82261464
2022-02-06,157888391.82261464
2022-02-07,180443876.3687024
2022-02-08,180443876.3687024
2022-02-09,185751049.20307598
2022-02-10,185751049.20307598
2022-02-11,188404635.6202628
2022-02-12,188404635.6202628
2022-02-13,209633326.9577572
2022-02-14,209633326.9577572
2022-02-15,232188811.50384504
2022-02-16,232188811.50384504
2022-02-17,213256529.5453799
2022-02-18,213256529.5453799
2022-02-19,207147949.28088072
2022-02-20,207147949.28088072
2022-02-21,171001327.25871363
2022-02-22,171001327.25871363
2022-02-23,208538203.974041
2022-02-24,208538203.974041
2022-02-25,186294128.8834766
2022-02-26,186294128.8834766
2022-02-27,189074638.26979718
2022-02-28,189074638.26979718
2022-03-01,225221260.29196426
2022-03-02,225221260.29196426
2022-03-03,204908164.05639085
2022-03-04,204908164.05639085
2022-03-05,168452735.66472492
2022-03-06,168452735.66472492
2022-03-07,202691096.5721893
2022-03-08,202691096.5721893
2022-03-09,188995752.20920354
2022-03-10,188995752.20920354
2022-03-11,188995752.20920354
2022-03-12,188995752.20920354
2022-03-13,206799699.88108504
2022-03-14,206799699.88108504
2022-03-15,190365286.64550212
2022-03-16,190365286.64550212
2022-03-17,217523034.50856918
2022-03-18,217523034.50856918
2022-03-19,211525632.75648364
2022-03-20,211525632.75648364
2022-03-21,208796269.7531742
2022-03-22,208796269.7531742
2022-03-23,197878817.73993632
2022-03-24,197878817.73993632
2022-03-25,212890314.25813842
2022-03-26,212890314.25813842
2022-03-27,178773276.7167701
2022-03-28,178773276.7167701
2022-03-29,206066906.74986473
2022-03-30,206066906.74986473
2022-03-31,194247387.85170582
2022-04-01,194247387.85170582
2022-04-02,191845154.95341378
2022-04-03,191845154.95341378
2022-04-04,224529885.05658796
2022-04-05,224529885.05658796
2022-04-06,213161283.28157085
2022-04-07,213161283.28157085
2022-04-08,190424079.73153663
2022-04-09,190424079.73153663
2022-04-10,198950531.06279945
2022-04-11,198950531.06279945
2022-04-12,217424508.94720227
2022-04-13,217424508.94720227
2022-04-14,194492275.55499536
2022-04-15,194492275.55499536
2022-04-16,188017878.85839576
2022-04-17,188017878.85839576
2022-04-18,188017878.85839576
2022-04-19,188017878.85839576
2022-04-20,224498959.83092037
2022-04-21,224498959.83092037
2022-04-22,189420997.35733905
2022-04-23,189420997.35733905
2022-04-24,239933263.31929615
2022-04-25,239933263.31929615
2022-04-26,196436589.85205528
2022-04-27,196436589.85205528
2022-04-28,195503620.58301136
2022-04-29,195503620.58301136
2022-04-30,222163205.20796743
2022-05-01,222163205.20796743
2022-05-02,236974085.55516526
2022-05-03,236974085.55516526
2022-05-04,216238853.06908828
2022-05-05,216238853.06908828
2022-05-06,210314500.93020916
2022-05-07,210314500.93020916
2022-05-08,229568645.3815663
2022-05-09,229568645.3815663
2022-05-10,226823707.2333046
2022-05-11,226823707.2333046
2022-05-12,209722591.14017138
2022-05-13,209722591.14017138
2022-05-14,219043595.19084564
2022-05-15,219043595.19084564
2022-05-16,254774110.71843037
2022-05-17,254774110.71843037
2022-05-18,208169090.46505895
2022-05-19,208169090.46505895
2022-05-20,198848086.4143847
2022-05-21,198848086.4143847
2022-05-22,189527082.3637104
2022-05-23,189527082.3637104
2022-05-24,186420081.01348567
2022-05-25,186420081.01348567
2022-05-26,209555369.85718095
2022-05-27,209555369.85718095
2022-05-28,219958827.93519703
2022-05-29,219958827.93519703
2022-05-30,228876077.71635368
2022-05-31,228876077.71635368
2022-06-01,202124328.37288374
2022-06-02,202124328.37288374
2022-06-03,212527786.45089987
2022-06-04,212527786.45089987
2022-06-05,216986411.34147817
2022-06-06,216986411.34147817
2022-06-07,240765744.0912292
2022-06-08,240765744.0912292
2022-06-09,219787040.37955952
2022-06-10,219787040.37955952
2022-06-11,231830165.87980935
2022-06-12,231830165.87980935
2022-06-13,200216961.44165352
2022-06-14,200216961.44165352
2022-06-15,248389463.44265285
2022-06-16,248389463.44265285
2022-06-17,162582194.2533728
2022-06-18,162582194.2533728
2022-06-19,200216961.44165352
2022-06-20,200216961.44165352
2022-06-21,225808603.12968442
2022-06-22,225808603.12968442
2022-06-23,223431040.49785998
2022-06-24,223431040.49785998
2022-06-25,221961099.44195303
2022-06-26,221961099.44195303
2022-06-27,199911983.60334843
2022-06-28,199911983.60334843
2022-06-29,221961099.44195303
2022-06-30,221961099.44195303
2022-07-01,196972101.49153444
2022-07-02,196972101.49153444
2022-07-03,227840863.6655809
2022-07-04,227840863.6655809
2022-07-05,173453044.59702292
2022-07-06,173453044.59702292
2022-07-07,227544125.37384427
2022-07-08,227544125.37384427
2022-07-09,194191927.5551512
2022-07-10,194191927.5551512
2022-07-11,178250799.1737582
2022-07-12,178250799.1737582
2022-07-13,159411283.8139301
2022-07-14,159411283.8139301
2022-07-15,205785475.4688916
2022-07-16,205785475.4688916
2022-07-17,179699992.6629758
2022-07-18,179699992.6629758
2022-07-19,199988701.51202142
2022-07-20,199988701.51202142
2022-07-21,199187652.45519632
2022-07-22,199187652.45519632
2022-07-23,211997173.07851613
2022-07-24,211997173.07851613
2022-07-25,195477912.83863172
2022-07-26,195477912.83863172
2022-07-27,227139828.29841012
2022-07-28,227139828.29841012
2022-07-29,200984332.91859323
2022-07-30,200984332.91859323
2022-07-31,209243963.0385354
2022-08-01,209243963.0385354
2022-08-02,213373778.09850645
2022-08-03,213373778.09850645
2022-08-04,183173748.80206442
2022-08-05,183173748.80206442
2022-08-06,225491829.07577893
2022-08-07,225491829.07577893
2022-08-08,201682132.83796376
2022-08-09,201682132.83796376
2022-08-10,207284414.30568495
2022-08-11,207284414.30568495
2022-08-12,215687836.5072668
2022-08-13,215687836.5072668
2022-08-14,186275858.8017304
2022-08-15,186275858.8017304
2022-08-16,207284414.30568495
2022-08-17,207284414.30568495
2022-08-18,202403376.03316846
2022-08-19,202403376.03316846
2022-08-20,209995536.33219454
2022-08-21,209995536.33219454
2022-08-22,204358072.2695853
2022-08-23,204358072.2695853
2022-08-24,205767438.2852376
2022-08-25,205767438.2852376
2022-08-26,248048418.754807
2022-08-27,248048418.754807
2022-08-28,226907928.52002233
2022-08-29,226907928.52002233
2022-08-30,228317294.5356746
2022-08-31,228317294.5356746
2022-09-01,212503108.15739748
2022-09-02,212503108.15739748
2022-09-03,226362006.5154886
2022-09-04,226362006.5154886
2022-09-05,235601272.08754936
2022-09-06,235601272.08754936
2022-09-07,224822128.92014512
2022-09-08,224822128.92014512
2022-09-09,226362006.5154886
2022-09-10,226362006.5154886
2022-09-11,281797599.94785315
2022-09-12,281797599.94785315
2022-09-13,211972242.0735515
2022-09-14,211972242.0735515
2022-09-15,234168569.26233754
2022-09-16,234168569.26233754
2022-09-17,270807188.94283926
2022-09-18,270807188.94283926
2022-09-19,207087850.36805362
2022-09-20,207087850.36805362
2022-09-21,224610668.47611964
2022-09-22,224610668.47611964
2022-09-23,215052767.68990183
2022-09-24,215052767.68990183
2022-09-25,234168569.26233754
2022-09-26,234168569.26233754
2022-09-27,205494866.90368393
2022-09-28,205494866.90368393
2022-09-29,222928606.67506388
2022-09-30,222928606.67506388
2022-10-01,282168376.2810249
2022-10-02,282168376.2810249
2022-10-03,240076961.03468415
2022-10-04,240076961.03468415
2022-10-05,272814728.44850475
2022-10-06,272814728.44850475
2022-10-07,266578963.2268246
2022-10-08,266578963.2268246
2022-10-09,246312726.25636423
2022-10-10,246312726.25636423
2022-10-11,277924882.20287925
2022-10-12,277924882.20287925
2022-10-13,253141771.68797284
2022-10-14,253141771.68797284
2022-10-15,269073771.3046984
2022-10-16,269073771.3046984
2022-10-17,265533326.94542602
2022-10-18,265533326.94542602
2022-10-19,267303549.1250622
2022-10-20,267303549.1250622
2022-10-21,276154660.02324307
2022-10-22,276154660.02324307
2022-10-23,274506216.9071191
2022-10-24,274506216.9071191
2022-10-25,223395628.7898574
2022-10-26,223395628.7898574
2022-10-27,247200081.03795698
2022-10-28,247200081.03795698
2022-10-29,261848974.7290952
2022-10-30,261848974.7290952
2022-10-31,316782326.0708633
2022-11-01,316782326.0708633
2022-11-02,223395628.7898574
2022-11-03,223395628.7898574
2022-11-04,236213410.7696033
2022-11-05,236213410.7696033
2022-11-06,250862304.46074155
2022-11-07,250862304.46074155
2022-11-08,297875786.9173795
2022-11-09,297875786.9173795
2022-11-10,268636445.8702748
2022-11-11,268636445.8702748
2022-11-12,305185622.17915577
2022-11-13,305185622.17915577
2022-11-14,224777434.2996177
2022-11-15,224777434.2996177
2022-11-16,274118822.31660694
2022-11-17,274118822.31660694
2022-11-18,254016775.34672245
2022-11-19,254016775.34672245
2022-11-20,272375605.3694332
2022-11-21,272375605.3694332
2022-11-22,231439196.90173405
2022-11-23,231439196.90173405
2022-11-24,236949653.97082296
2022-11-25,236949653.97082296
2022-11-26,200213273.51023027
2022-11-27,200213273.51023027
2022-11-28,255317844.20111936
2022-11-29,255317844.20111936
2022-11-30,253481025.1780897
2022-12-01,253481025.1780897
2022-12-02,229602377.87870446
2022-12-03,229602377.87870446
2022-12-04,257154663.22414896
2022-12-05,257154663.22414896
2022-12-06,231289584.01772717
2022-12-07,231289584.01772717
2022-12-08,284283257.94883054
2022-12-09,284283257.94883054
2022-12-10,262153423.49772403
2022-12-11,262153423.49772403
2022-12-12,243428178.96217236
2022-12-13,243428178.96217236
2022-12-14,251939653.75105944
2022-12-15,251939653.75105944
2022-12-16,221298344.51106575
2022-12-17,221298344.51106575
2022-12-18,246832768.87772718
2022-12-19,246832768.87772718
2022-12-20,246114015.1556391
2022-12-21,246114015.1556391
2022-12-22,237324228.90008065
2022-12-23,237324228.90008065
2022-12-24,156458195.34894204
2022-12-25,156458195.34894204
2022-12-26,226776485.39341035
2022-12-27,226776485.39341035
2022-12-28,295336818.18676704
2022-12-29,295336818.18676704
2022-12-30,277757245.6756499
2022-12-31,277757245.6756499
2023-01-01,272483373.92231476
2023-01-02,272483373.92231476
2023-01-03,261883481.8059322
2023-01-04,261883481.8059322
2023-01-05,266083690.039913
2023-01-06,266083690.039913
2023-01-07,260999288.3194051
2023-01-08,260999288.3194051
2023-01-09,257609687.17239982
2023-01-10,257609687.17239982
2023-01-11,249135684.30488667
2023-01-12,249135684.30488667
2023-01-13,269473291.1869182
2023-01-14,269473291.1869182
2023-01-15,280250606.7848099
2023-01-16,280250606.7848099
2023-01-17,291506527.527517
2023-01-18,291506527.527517
2023-01-19,270951580.07365364
2023-01-20,270951580.07365364
2023-01-21,257871158.96664968
2023-01-22,257871158.96664968
2023-01-23,295243790.7009466
2023-01-24,295243790.7009466
2023-01-25,327010527.67509925
2023-01-26,327010527.67509925
2023-01-27,287769264.3540873
2023-01-28,287769264.3540873
2023-01-29,311001352.7915209
2023-01-30,311001352.7915209
2023-01-31,224956785.42909947
2023-02-01,224956785.42909947
2023-02-02,283641164.23669064
2023-02-03,283641164.23669064
2023-02-04,266035850.5944133
2023-02-05,266035850.5944133
2023-02-06,289509602.11744976
2023-02-07,289509602.11744976
2023-02-08,269948142.5149194
2023-02-09,269948142.5149194
2023-02-10,287553456.1571967
2023-02-11,287553456.1571967
2023-02-12,313943411.7760057
2023-02-13,313943411.7760057
2023-02-14,299757181.5196575
2023-02-15,299757181.5196575
2023-02-16,348419061.63648504
2023-02-17,348419061.63648504
2023-02-18,327007834.38508093
2023-02-19,327007834.38508093
2023-02-20,286131855.0869458
2023-02-21,286131855.0869458
2023-02-22,272506528.65423405
2023-02-23,272506528.65423405
2023-02-24,262774152.6308686
2023-02-25,262774152.6308686
2023-02-26,359556658.1833338
2023-02-27,359556658.1833338
2023-02-28,293209893.8756949
2023-03-01,293209893.8756949
2023-03-02,308191421.3000004
2023-03-03,308191421.3000004
2023-03-04,325313166.92777824
2023-03-05,325313166.92777824
2023-03-06,282508802.8583337
2023-03-07,282508802.8583337
2023-03-08,284649021.0618059
2023-03-09,284649021.0618059
2023-03-10,291564668.6842239
2023-03-11,291564668.6842239
2023-03-12,348559824.50563854
2023-03-13,348559824.50563854
2023-03-14,316085306.6945542
2023-03-15,316085306.6945542
2023-03-16,290105692.4456867
2023-03-17,290105692.4456867
2023-03-18,350724792.3597108
2023-03-19,350724792.3597108
2023-03-20,333405049.5271326
2023-03-21,333405049.5271326
2023-03-22,344229888.79749393
2023-03-23,344229888.79749393
2023-03-24,377232885.49311894
2023-03-25,377232885.49311894
2023-03-26,335318120.4383279
2023-03-27,335318120.4383279
2023-03-28,312032139.85233283
2023-03-29,312032139.85233283
2023-03-30,360932699.0829224
2023-03-31,360932699.0829224
2023-04-01,326003728.2039299
2023-04-02,326003728.2039299
2023-04-03,305046345.6765345
2023-04-04,305046345.6765345
2023-04-05,323675130.1453304
2023-04-06,323675130.1453304
2023-04-07,338032942.16648775
2023-04-08,338032942.16648775
2023-04-09,347554996.87540287
2023-04-10,347554996.87540287
2023-04-11,366599106.2932332
2023-04-12,366599106.2932332
2023-04-13,338032942.16648775
2023-04-14,338032942.16648775
2023-04-15,376121161.0021483
2023-04-16,376121161.0021483
2023-04-17,368979619.9704619
2023-04-18,368979619.9704619
2023-04-19,330891401.13480145
2023-04-20,330891401.13480145
2023-04-21,351118490.9644334
2023-04-22,351118490.9644334
2023-04-23,355961504.6329083
2023-04-24,355961504.6329083
2023-04-25,302688354.2796839
2023-04-26,302688354.2796839
2023-04-27,314795888.4508713
2023-04-28,314795888.4508713
2023-04-29,331746436.2905336
2023-04-30,331746436.2905336
2023-05-01,440714243.83121973
2023-05-02,440714243.83121973
2023-05-03,341432463.6274834
2023-05-04,341432463.6274834
2023-05-05,283977798.47865146
2023-05-06,283977798.47865146
2023-05-07,331705159.5675005
2023-05-08,331705159.5675005
2023-05-09,360341576.2208098
2023-05-10,360341576.2208098
2023-05-11,360341576.2208098
2023-05-12,360341576.2208098
2023-05-13,346023367.89415514
2023-05-14,346023367.89415514
2023-05-15,350796104.00303996
2023-05-16,350796104.00303996
2023-05-17,381818888.7107919
2023-05-18,381818888.7107919
2023-05-19,369469365.7613961
2023-05-20,369469365.7613961
2023-05-21,371932494.8664721
2023-05-22,371932494.8664721
2023-05-23,379321882.1817001
2023-05-24,379321882.1817001
2023-05-25,371932494.8664721
2023-05-26,371932494.8664721
2023-05-27,357153720.2360163
2023-05-28,357153720.2360163
2023-05-29,399026915.0223079
2023-05-30,399026915.0223079
2023-05-31,349729770.9452385
2023-06-01,349729770.9452385
2023-06-02,417687139.0684004
2023-06-03,417687139.0684004
2023-06-04,376937174.2812394
2023-06-05,376937174.2812394
2023-06-06,384577792.6788321
2023-06-07,384577792.6788321
2023-06-08,392218411.07642484
2023-06-09,392218411.07642484
2023-06-10,392218411.07642484
2023-06-11,392218411.07642484
2023-06-12,399859029.4740175
2023-06-13,399859029.4740175
2023-06-14,312388214.96659184
2023-06-15,312388214.96659184
2023-06-16,398160232.4659646
2023-06-17,398160232.4659646
2023-06-18,392955523.5448409
2023-06-19,392955523.5448409
2023-06-20,353920206.636413
2023-06-21,353920206.636413
2023-06-22,356522561.09697485
2023-06-23,356522561.09697485
2023-06-24,379943751.2420316
2023-06-25,379943751.2420316
2023-06-26,379943751.2420316
2023-06-27,379943751.2420316
2023-06-28,280545974.4417444
2023-06-29,280545974.4417444
2023-06-30,397786579.2301125
2023-07-01,397786579.2301125
2023-07-02,430515854.7363876
2023-07-03,430515854.7363876
2023-07-04,357504393.99162006
2023-07-05,357504393.99162006
2023-07-06,349951484.25940275
2023-07-07,349951484.25940275
2023-07-08,448139310.7782279
2023-07-09,448139310.7782279
2023-07-10,387716032.92048943
2023-07-11,387716032.92048943
2023-07-12,382989765.58074266
2023-07-13,382989765.58074266
2023-07-14,369831574.5386234
2023-07-15,369831574.5386234
2023-07-16,415390536.6194682
2023-07-17,415390536.6194682
2023-07-18,434150109.2409926
2023-07-19,434150109.2409926
2023-07-20,343032185.0793028
2023-07-21,343032185.0793028
2023-07-22,359111818.75489503
2023-07-23,359111818.75489503
2023-07-24,401990841.889808
2023-07-25,401990841.889808
2023-07-26,381190141.57452464
2023-07-27,381190141.57452464
2023-07-28,364175630.2712082
2023-07-29,364175630.2712082
2023-07-30,437010756.32545
2023-07-31,437010756.32545
2023-08-01,361574375.76927114
2023-08-02,361574375.76927114
2023-08-03,392789429.79251754
2023-08-04,392789429.79251754
2023-08-05,400593193.2983291
2023-08-06,400593193.2983291
2023-08-07,379783157.2828315
2023-08-08,379783157.2828315
2023-08-09,421650114.697692
2023-08-10,421650114.697692
2023-08-11,393261324.6401588
2023-08-12,393261324.6401588
2023-08-13,351591250.5061022
2023-08-14,351591250.5061022
2023-08-15,445348917.3077294
2023-08-16,445348917.3077294
2023-08-17,406283222.8070514
2023-08-18,406283222.8070514
2023-08-19,364613148.6729948
2023-08-20,364613148.6729948
2023-08-21,429722639.5074582
2023-08-22,429722639.5074582
2023-08-23,392623891.9211836
2023-08-24,392623891.9211836
2023-08-25,373269193.0236605
2023-08-26,373269193.0236605
2023-08-27,320735010.301812
2023-08-28,320735010.301812
2023-08-29,436863203.68695074
2023-08-30,436863203.68695074
2023-08-31,398153805.89190453
2023-09-01,398153805.89190453
2023-09-02,420273461.77478814
2023-09-03,420273461.77478814
2023-09-04,411978590.8187068
2023-09-05,411978590.8187068
2023-09-06,364419397.2930779
2023-09-07,364419397.2930779
2023-09-08,358011817.6300677
2023-09-09,358011817.6300677
2023-09-10,395697272.1174433
2023-09-11,395697272.1174433
2023-09-12,379546363.0514252
2023-09-13,379546363.0514252
2023-09-14,436074544.7824885
2023-09-15,436074544.7824885
2023-09-16,417231817.5388007
2023-09-17,417231817.5388007
2023-09-18,419923635.7164705
2023-09-19,419923635.7164705
2023-09-20,414558853.7494199
2023-09-21,414558853.7494199
2023-09-22,366288302.28544635
2023-09-23,366288302.28544635
2023-09-24,414558853.7494199
2023-09-25,414558853.7494199
2023-09-26,386164411.7117884
2023-09-27,386164411.7117884
2023-09-28,414558853.7494199
2023-09-29,414558853.7494199
2023-09-30,391843300.11931473
2023-10-01,391843300.11931473
2023-10-02,445792739.99081457
2023-10-03,445792739.99081457
2023-10-04,373280259.4846018
2023-10-05,373280259.4846018
2023-10-06,455914820.74455184
2023-10-07,455914820.74455184
2023-10-08,421721209.1887104
2023-10-09,421721209.1887104
2023-10-10,461613756.0038587
2023-10-11,461613756.0038587
2023-10-12,470162158.89281905
2023-10-13,470162158.89281905
2023-10-14,416022273.9294035
2023-10-15,416022273.9294035
2023-10-16,416156889.9191482
2023-10-17,416156889.9191482
2023-10-18,439908490.27425945
2023-10-19,439908490.27425945
2023-10-20,406536122.04655695
2023-10-21,406536122.04655695
2023-10-22,464179303.53077024
2023-10-23,464179303.53077024
2023-10-24,382265308.79004604
2023-10-25,382265308.79004604
2023-10-26,455077748.5595787
2023-10-27,455077748.5595787
2023-10-28,485416265.1302173
2023-10-29,485416265.1302173
2023-10-30,482540025.495944
2023-10-31,482540025.495944
2023-11-01,462656326.7648482
2023-11-02,462656326.7648482
2023-11-03,422290338.52361983
2023-11-04,422290338.52361983
2023-11-05,506127391.02463263
2023-11-06,506127391.02463263
2023-11-07,412975110.4679518
2023-11-08,412975110.4679518
2023-11-09,444025870.65351206
2023-11-10,444025870.65351206
2023-11-11,496812162.9689646
2023-11-12,496812162.9689646
2023-11-13,389037994.7160368
2023-11-14,389037994.7160368
2023-11-15,475848125.7683755
2023-11-16,475848125.7683755
2023-11-17,482278505.8463265
2023-11-18,482278505.8463265
2023-11-19,546582306.6258367
2023-11-20,546582306.6258367
2023-11-21,488708885.9242776
2023-11-22,488708885.9242776
2023-11-23,472632935.72940004
2023-11-24,472632935.72940004
2023-11-25,511215216.1971062
2023-11-26,511215216.1971062
2023-11-27,439166010.2949663
2023-11-28,439166010.2949663
2023-11-29,459435210.7701186
2023-11-30,459435210.7701186
2023-12-01,570915813.3834561
2023-12-02,570915813.3834561
2023-12-03,557403013.066688
2023-12-04,557403013.066688
2023-12-05,466191610.9285027
2023-12-06,466191610.9285027
2023-12-07,388493009.1070856
2023-12-08,388493009.1070856
2023-12-09,530377412.4331516
2023-12-10,530377412.4331516
2023-12-11,528635575.20314026
2023-12-12,528635575.20314026
2023-12-13,498523422.18524003
2023-12-14,498523422.18524003
2023-12-15,545364549.1019738
2023-12-16,545364549.1019738
2023-12-17,501869216.9650066
2023-12-18,501869216.9650066
2023-12-19,542018754.3222071
2023-12-20,542018754.3222071
2023-12-21,488486037.84593976
2023-12-22,488486037.84593976
2023-12-23,560327733.6667341
2023-12-24,560327733.6667341
2023-12-25,497542848.9451839
2023-12-26,497542848.9451839
2023-12-27,461748399.3807821
2023-12-28,461748399.3807821
2023-12-29,540496188.4224659
2023-12-30,540496188.4224659
2023-12-31,558393413.2046669
2024-01-01,558393413.2046669
2024-01-02,468907289.29366255
2024-01-03,468907289.29366255
2024-01-04,608505642.5948291
2024-01-05,608505642.5948291
2024-01-06,509059003.5142141
2024-01-07,509059003.5142141
2024-01-08,447556918.3163843
2024-01-09,447556918.3163843
2024-01-10,483943659.64291966
2024-01-11,483943659.64291966
2024-01-12,611297254.2857933
2024-01-13,611297254.2857933
2024-01-14,465750288.9796519
2024-01-15,465750288.9796519
2024-01-16,454834266.5816914
2024-01-17,454834266.5816914
2024-01-18,516691726.83680135
2024-01-19,516691726.83680135
2024-01-20,513378340.1866717
2024-01-21,513378340.1866717
2024-01-22,559487254.5869052
2024-01-23,559487254.5869052
2024-01-24,524519301.1752236
2024-01-25,524519301.1752236
2024-01-26,531512891.8575599
2024-01-27,531512891.8575599
2024-01-28,559487254.5869052
2024-01-29,559487254.5869052
2024-01-30,503538529.1282147
2024-01-31,503538529.1282147
2024-02-01,535009687.19872814
2024-02-02,535009687.19872814
2024-02-03,566738184.6284933
2024-02-04,566738184.6284933
2024-02-05,585504349.682417
2024-02-06,585504349.682417
2024-02-07,600517281.7255559
2024-02-08,600517281.7255559
2024-02-09,623036679.7902641
2024-02-10,623036679.7902641
2024-02-11,514192922.47750723
2024-02-12,514192922.47750723
2024-02-13,506686456.4559378
2024-02-14,506686456.4559378
2024-02-15,605343973.9976323
2024-02-16,605343973.9976323
2024-02-17,609388003.457412
2024-02-18,609388003.457412
2024-02-19,552511789.8013868
2024-02-20,552511789.8013868
2024-02-21,560636963.180819
2024-02-22,560636963.180819
2024-02-23,645951283.6648567
2024-02-24,645951283.6648567
2024-02-25,666264217.113437
2024-02-26,666264217.113437
2024-02-27,524073682.9733743
2024-02-28,524073682.9733743
2024-02-29,540324029.7322387
2024-03-01,540324029.7322387
2024-03-02,500960510.12181586
2024-03-03,500960510.12181586
2024-03-04,508849652.01349825
2024-03-05,508849652.01349825
2024-03-06,552239932.41775
2024-03-07,552239932.41775
2024-03-08,607463925.659525
2024-03-09,607463925.659525
2024-03-10,564073645.2552733
2024-03-11,564073645.2552733
2024-03-12,556184503.3635911
2024-03-13,556184503.3635911
2024-03-14,579720256.0482558
2024-03-15,579720256.0482558
2024-03-16,600922569.4689952
2024-03-17,600922569.4689952
2024-03-18,600922569.4689952
2024-03-19,600922569.4689952
2024-03-20,621787936.4644464
2024-03-21,621787936.4644464
2024-03-22,563364908.877183
2024-03-23,563364908.877183
2024-03-24,709422477.8453414
2024-03-25,709422477.8453414
2024-03-26,559191835.4780927
2024-03-27,559191835.4780927
2024-03-28,630675249.3060845
2024-03-29,630675249.3060845
2024-03-30,640501144.9474928
2024-03-31,640501144.9474928
2024-04-01,619839817.691122
2024-04-02,619839817.691122
2024-04-03,586781694.0809289
2024-04-04,586781694.0809289
2024-04-05,611575286.7885739
2024-04-06,611575286.7885739
2024-04-07,702485126.7166051
2024-04-08,702485126.7166051
2024-04-09,603310755.8860255
2024-04-10,603310755.8860255
2024-04-11,566860609.5352726
2024-04-12,566860609.5352726
2024-04-13,704281363.3620051
2024-04-14,704281363.3620051
2024-04-15,605510196.549041
2024-04-16,605510196.549041
2024-04-17,588332602.3206996
2024-04-18,588332602.3206996
2024-04-19,648454182.1198951
2024-04-20,648454182.1198951
2024-04-21,601215797.9919556
2024-04-22,601215797.9919556
2024-04-23,721458957.5903468
2024-04-24,721458957.5903468
2024-04-25,630674365.8262494
2024-04-26,630674365.8262494
2024-04-27,613155633.4421867
2024-04-28,613155633.4421867
2024-04-29,573738485.5780463
2024-04-30,573738485.5780463
2024-05-01,578118168.6740619
2024-05-02,578118168.6740619
2024-05-03,564979119.3860149
2024-05-04,564979119.3860149
2024-05-05,608775950.3461711
2024-05-06,608775950.3461711
2024-05-07,534321337.7139056
2024-05-08,534321337.7139056
2024-05-09,613867438.0566123
2024-05-10,613867438.0566123
2024-05-11,657199017.7590562
2024-05-12,657199017.7590562
2024-05-13,607599091.8904481
2024-05-14,607599091.8904481
2024-05-15,582799128.9561441
2024-05-16,582799128.9561441
2024-05-17,640665709.1361867
2024-05-18,640665709.1361867
2024-05-19,636532381.9804695
2024-05-20,636532381.9804695
2024-05-21,570399147.4889922
2024-05-22,570399147.4889922
2024-05-23,706194547.0096976
2024-05-24,706194547.0096976
2024-05-25,671140034.7624127
2024-05-26,671140034.7624127
2024-05-27,515938901.7236049
2024-05-28,515938901.7236049
2024-05-29,574663654.7653158
2024-05-30,574663654.7653158
2024-05-31,620804532.1552316
2024-06-01,620804532.1552316
2024-06-02,587247530.4171109
2024-06-03,587247530.4171109
2024-06-04,562079779.1135205
2024-06-05,562079779.1135205
2024-06-06,554910858.050012
2024-06-07,554910858.050012
2024-06-08,715791327.5301057
2024-06-09,715791327.5301057
2024-06-10,578459270.5039809
2024-06-11,578459270.5039809
2024-06-12,607590312.9034619
2024-06-13,607590312.9034619
2024-06-14,532681918.1619392
2024-06-15,532681918.1619392
2024-06-16,678337130.1593444
2024-06-17,678337130.1593444
2024-06-18,632559777.8173028
2024-06-19,632559777.8173028
2024-06-20,553323137.1046984
2024-06-21,553323137.1046984
2024-06-22,632247017.2026471
2024-06-23,632247017.2026471
2024-06-24,632247017.2026471
2024-06-25,632247017.2026471
2024-06-26,503301901.8521072
2024-06-27,503301901.8521072
2024-06-28,561535179.7523509
2024-06-29,561535179.7523509
2024-06-30,503301901.8521072
2024-07-01,503301901.8521072
2024-07-02,615608937.8025774
2024-07-03,615608937.8025774
2024-07-04,582332779.002438
2024-07-05,582332779.002438
2024-07-06,652035052.9717106
2024-07-07,652035052.9717106
2024-07-08,628324687.409103
2024-07-09,628324687.409103
2024-07-10,537434952.7524403
2024-07-11,537434952.7524403
2024-07-12,592759139.0651915
2024-07-13,592759139.0651915
2024-07-14,659938508.1592464
2024-07-15,659938508.1592464
2024-07-16,580903956.2838876
2024-07-17,580903956.2838876
2024-07-18,515102118.23597115
2024-07-19,515102118.23597115
2024-07-20,672971426.1999145
2024-07-21,672971426.1999145
2024-07-22,730072032.0593011
2024-07-23,730072032.0593011
2024-07-24,571006058.5938667
2024-07-25,571006058.5938667
2024-07-26,652578352.6787051
2024-07-27,652578352.6787051
2024-07-28,603634976.227802
2024-07-29,603634976.227802
2024-07-30,611792205.6362859
2024-07-31,611792205.6362859
2024-08-01,630987879.9602102
2024-08-02,630987879.9602102
2024-08-03,608452598.53306
2024-08-04,608452598.53306
2024-08-05,703100780.5270916
2024-08-06,703100780.5270916
2024-08-07,549860866.8224689
2024-08-08,549860866.8224689
2024-08-09,585917317.1059096
2024-08-10,585917317.1059096
2024-08-11,725636061.954242
2024-08-12,725636061.954242
2024-08-13,671551386.529081
2024-08-14,671551386.529081
2024-08-15,690944705.8016886
2024-08-16,690944705.8016886
2024-08-17,643442257.2778225
2024-08-18,643442257.2778225
2024-08-19,561392573.463872
2024-08-20,561392573.463872
2024-08-21,634805448.4553014
2024-08-22,634805448.4553014
2024-08-23,708218323.4467307
2024-08-24,708218323.4467307
2024-08-25,574347786.6976537
2024-08-26,574347786.6976537
2024-08-27,613213426.3989986
2024-08-28,613213426.3989986
2024-08-29,587091196.5963086
2024-08-30,587091196.5963086
2024-08-31,653806105.3004345
2024-09-01,653806105.3004345
2024-09-02,742759316.9059358
2024-09-03,742759316.9059358
2024-09-04,671596747.6215348
2024-09-05,671596747.6215348
2024-09-06,644910784.1398844
2024-09-07,644910784.1398844
2024-09-08,742759316.9059358
2024-09-09,742759316.9059358
2024-09-10,609329499.4976839
2024-09-11,609329499.4976839
2024-09-12,700222814.5578787
2024-09-13,700222814.5578787
2024-09-14,640335336.9970075
2024-09-15,640335336.9970075
2024-09-16,575841130.3929921
2024-09-17,575841130.3929921
2024-09-18,635728607.9538636
2024-09-19,635728607.9538636
2024-09-20,667975711.255871
2024-09-21,667975711.255871
2024-09-22,626515149.8675756
2024-09-23,626515149.8675756
2024-09-24,667975711.255871
2024-09-25,667975711.255871
2024-09-26,571298868.1801282
2024-09-27,571298868.1801282
2024-09-28,566904261.5018196
2024-09-29,566904261.5018196
2024-09-30,602061114.928289
2024-10-01,602061114.928289
2024-10-02,681164035.1378452
2024-10-03,681164035.1378452
2024-10-04,742688528.6341666
2024-10-05,742688528.6341666
2024-10-06,667980215.1029191
2024-10-07,667980215.1029191
2024-10-08,733899315.2775493
2024-10-09,733899315.2775493
2024-10-10,709250575.4670075
2024-10-11,709250575.4670075
2024-10-12,654340853.4953684
2024-10-13,654340853.4953684
2024-10-14,636037612.8381552
2024-10-15,636037612.8381552
2024-10-16,645189233.1667618
2024-10-17,645189233.1667618
2024-10-18,622310182.3452455
2024-10-19,622310182.3452455
2024-10-20,791615158.4244666
2024-10-21,791615158.4244666
2024-10-22,638125714.2515116
2024-10-23,638125714.2515116
2024-10-24,699119634.7449049
2024-10-25,699119634.7449049
2024-10-26,694363718.8622864
2024-10-27,694363718.8622864
2024-10-28,798993868.2798914
2024-10-29,798993868.2798914
2024-10-30,803749784.1625097
2024-10-31,803749784.1625097
2024-11-01,727655130.0406153
2024-11-02,727655130.0406153
2024-11-03,627780896.505629
2024-11-04,627780896.505629
2024-11-05,702351988.6923242
2024-11-06,702351988.6923242
2024-11-07,788251152.776997
2024-11-08,788251152.776997
2024-11-09,702351988.6923242
2024-11-10,702351988.6923242
2024-11-11,687193312.6773819
2024-11-12,687193312.6773819
2024-11-13,697299096.6873435
2024-11-14,697299096.6873435
2024-11-15,757933800.7471123
2024-11-16,757933800.7471123
2024-11-17,757933800.7471123
2024-11-18,757933800.7471123
2024-11-19,889845955.1158988
2024-11-20,889845955.1158988
2024-11-21,732216100.2096539
2024-11-22,732216100.2096539
2024-11-23,701707096.0342517
2024-11-24,701707096.0342517
2024-11-25,859336950.9404964
2024-11-26,859336950.9404964
2024-11-27,676282925.8880831
2024-11-28,676282925.8880831
2024-11-29,615264917.5372787
2024-11-30,615264917.5372787
2024-12-01,803403776.6189257
2024-12-02,803403776.6189257
2024-12-03,811042070.6273791
2024-12-04,811042070.6273791
2024-12-05,800710324.5047373
2024-12-06,800710324.5047373
2024-12-07,733553974.7075658
2024-12-08,733553974.7075658
2024-12-09,862700801.2405878
2024-12-10,862700801.2405878
2024-12-11,733553974.7075658
2024-12-12,733553974.7075658
2024-12-13,878198420.4245505
2024-12-14,878198420.4245505
2024-12-15,707724609.4009614
2024-12-16,707724609.4009614
2024-12-17,733677850.1420219
2024-12-18,733677850.1420219
2024-12-19,782230060.8131851
2024-12-20,782230060.8131851
2024-12-21,782230060.8131851
2024-12-22,782230060.8131851
2024-12-23,749861920.3657429
2024-12-24,749861920.3657429
2024-12-25,814598201.2606272
2024-12-26,814598201.2606272
2024-12-27,852361031.782643
2024-12-28,852361031.782643
2024-12-29,853049703.3260739
2024-12-30,853049703.3260739
2024-12-31,703991258.6293316
2025-01-01,703991258.6293316
2025-01-02,911368528.6131656
2025-01-03,911368528.6131656
2025-01-04,813137190.1997707
2025-01-05,813137190.1997707
2025-01-06,725820444.9434196
2025-01-07,725820444.9434196
2025-01-08,682162072.3152436
2025-01-09,682162072.3152436
2025-01-10,774936114.1501169
2025-01-11,774936114.1501169
2025-01-12,939753829.6056751
2025-01-13,939753829.6056751
2025-01-14,845551490.8919123
2025-01-15,845551490.8919123
2025-01-16,702796044.3776932
2025-01-17,702796044.3776932
2025-01-18,713777232.5710948
2025-01-19,713777232.5710948
2025-01-20,834570302.6985108
2025-01-21,834570302.6985108
2025-01-22,823589114.5051093
2025-01-23,823589114.5051093
2025-01-24,768683173.5381019
2025-01-25,768683173.5381019
2025-01-26,752211391.2479999
2025-01-27,752211391.2479999
2025-01-28,795344639.2008113
2025-01-29,795344639.2008113
2025-01-30,779222788.4062003
2025-01-31,779222788.4062003
2025-02-01,988806848.7361435
2025-02-02,988806848.7361435
2025-02-03,822214390.5251629
2025-02-04,822214390.5251629
2025-02-05,773848838.1413299
2025-02-06,773848838.1413299
2025-02-07,929693395.8225701
2025-02-08,929693395.8225701
2025-02-09,795293751.4100475
2025-02-10,795293751.4100475
2025-02-11,703735440.4637535
2025-02-12,703735440.4637535
2025-02-13,896695158.0102665
2025-02-14,896695158.0102665
2025-02-15,908045729.6306497
2025-02-16,908045729.6306497
2025-02-17,777514155.996244
2025-02-18,777514155.996244
2025-02-19,715086012.0841366
2025-02-20,715086012.0841366
2025-02-21,732111869.5147113
2025-02-22,732111869.5147113
2025-02-23,728533880.978175
2025-02-24,728533880.978175
2025-02-25,807968798.3546175
2025-02-26,807968798.3546175
2025-02-27,824457957.5047117
2025-02-28,824457957.5047117
2025-03-01,791479639.2045234
2025-03-02,791479639.2045234
2025-03-03,824457957.5047117
2025-03-04,824457957.5047117
2025-03-05,736515775.3708757
2025-03-06,736515775.3708757
2025-03-07,780486866.4377937
2025-03-08,780486866.4377937
2025-03-09,878012411.8108668
2025-03-10,878012411.8108668
2025-03-11,769347528.7141508
2025-03-12,769347528.7141508
2025-03-13,886422152.6489124
2025-03-14,886422152.6489124
2025-03-15,735897636.1613616
2025-03-16,735897636.1613616
2025-03-17,780497492.8984137
2025-03-18,780497492.8984137
2025-03-19,847397278.0039921
2025-03-20,847397278.0039921
2025-03-21,808372403.3590714
2025-03-22,808372403.3590714
2025-03-23,876571559.8921037
2025-03-24,876571559.8921037
2025-03-25,842582548.8719956
2025-03-26,842582548.8719956
2025-03-27,836927632.4366131
2025-03-28,836927632.4366131
2025-03-29,797343217.3889353
2025-03-30,797343217.3889353
2025-03-31,836927632.4366131
2025-04-01,836927632.4366131
2025-04-02,972645626.8857933
2025-04-03,972645626.8857933
2025-04-04,1017884958.3688537
2025-04-05,1017884958.3688537
2025-04-06,875826848.0097468
2025-04-07,875826848.0097468
2025-04-08,924148329.2792498
2025-04-09,924148329.2792498
2025-04-10,869786662.851059
2025-04-11,869786662.851059
2025-04-12,869786662.851059
2025-04-13,869786662.851059
2025-04-14,899987588.6444983
2025-04-15,899987588.6444983
2025-04-16,893947403.4858105
2025-04-17,893947403.4858105
2025-04-18,821465181.5815556
2025-04-19,821465181.5815556
2025-04-20,753499802.4397362
2025-04-21,753499802.4397362
2025-04-22,949532271.367147
2025-04-23,949532271.367147
2025-04-24,863768066.2114046
2025-04-25,863768066.2114046
2025-04-26,814759948.9795519
2025-04-27,814759948.9795519
2025-04-28,863768066.2114046
2025-04-29,863768066.2114046
2025-04-30,808633934.3255703
2025-05-01,808633934.3255703
2025-05-02,974036329.9830736
2025-05-03,974036329.9830736
2025-05-04,823060870.7158544
2025-05-05,823060870.7158544
2025-05-06,817139569.4876828
2025-05-07,817139569.4876828
2025-05-08,941486895.2792871
2025-05-09,941486895.2792871
2025-05-10,888195184.2257423
2025-05-11,888195184.2257423
2025-05-12,858588678.0848842
2025-05-13,858588678.0848842
2025-05-14,852667376.8567126
2025-05-15,852667376.8567126
2025-05-16,805296967.0313396
2025-05-17,805296967.0313396
2025-05-18,979723251.2998109
2025-05-19,979723251.2998109
2025-05-20,895055809.829457
2025-05-21,895055809.829457
2025-05-22,907151158.610936
2025-05-23,907151158.610936
2025-05-24,852722089.09428
2025-05-25,852722089.09428
2025-05-26,925294181.7831548
2025-05-27,925294181.7831548
2025-05-28,991818600.0812899
2025-05-29,991818600.0812899
2025-05-30,937389530.5646338
2025-05-31,937389530.5646338
2025-06-01,839539043.1681639
2025-06-02,839539043.1681639
2025-06-03,908974603.1294405
2025-06-04,908974603.1294405
2025-06-05,845851366.801007
2025-06-06,845851366.801007
2025-06-07,902662279.4965969
2025-06-08,902662279.4965969
2025-06-09,883725308.5980667
2025-06-10,883725308.5980667
2025-06-11,890037632.2309102
2025-06-12,890037632.2309102
2025-06-13,915286926.7622839
2025-06-14,915286926.7622839
2025-06-15,854616743.0404905
2025-06-16,854616743.0404905
2025-06-17,741505703.5204258
2025-06-18,741505703.5204258
2025-06-19,798061223.2804582
2025-06-20,798061223.2804582
2025-06-21,886036476.2405084
2025-06-22,886036476.2405084
2025-06-23,672382290.480386
2025-06-24,672382290.480386
2025-06-25,898604369.5205159
2025-06-26,898604369.5205159
2025-06-27,722653863.6004148
2025-06-28,722653863.6004148
2025-06-29,995260121.1336331
2025-06-30,995260121.1336331
2025-07-01,779081248.5096745
2025-07-02,779081248.5096745
2025-07-03,877919914.3653797
2025-07-04,877919914.3653797
2025-07-05,912804149.3732755
2025-07-06,912804149.3732755
2025-07-07,877919914.3653797
2025-07-08,877919914.3653797
2025-07-09,953502423.549154
2025-07-10,953502423.549154
2025-07-11,872105875.197397
2025-07-12,872105875.197397
2025-07-13,859946006.057642
2025-07-14,859946006.057642
2025-07-15,1029424416.010608
2025-07-16,1029424416.010608
2025-07-17,853669027.9112357
2025-07-18,853669027.9112357
2025-07-19,891330896.7896729
2025-07-20,891330896.7896729
2025-07-21,941546721.960922
2025-07-22,941546721.960922
2025-07-23,878776940.4968604
2025-07-24,878776940.4968604
2025-07-25,1004316503.4249833
2025-07-26,1004316503.4249833
2025-07-27,869131963.3112651
2025-07-28,869131963.3112651
2025-07-29,710531240.0792824
2025-07-30,710531240.0792824
2025-07-31,976980455.1090133
2025-08-01,976980455.1090133
2025-08-02,919884194.7454995
2025-08-03,919884194.7454995
2025-08-04,1084828946.9067616
2025-08-05,1084828946.9067616
2025-08-06,913540165.8162203
2025-08-07,913540165.8162203
2025-08-08,870485436.2761792
2025-08-09,870485436.2761792
2025-08-10,868625162.1369333
2025-08-11,868625162.1369333
2025-08-12,881493683.0574806
2025-08-13,881493683.0574806
2025-08-14,1042350194.56432
2025-08-15,1042350194.56432
2025-08-16,978007589.9615842
2025-08-17,978007589.9615842
2025-08-18,990876110.8821313
2025-08-19,990876110.8821313
2025-08-20,907230724.8985746
2025-08-21,907230724.8985746
2025-08-22,939585701.641628
2025-08-23,939585701.641628
2025-08-24,1057370330.3731811
2025-08-25,1057370330.3731811
2025-08-26,967107009.4876657
2025-08-27,967107009.4876657
2025-08-28,1025133430.0569257
2025-08-29,1025133430.0569257
2025-08-30,1018686049.9936746
2025-08-31,1018686049.9936746
2025-09-01,1038028190.1834283
2025-09-02,1038028190.1834283
2025-09-03,883291068.6654017
2025-09-04,883291068.6654017
2025-09-05,957592801.7399701
2025-09-06,957592801.7399701
2025-09-07,1041437128.988808
2025-09-08,1041437128.988808
2025-09-09,1129350652.8644862
2025-09-10,1129350652.8644862
2025-09-11,1014386813.9501374
2025-09-12,1014386813.9501374
2025-09-13,953523605.1131293
2025-09-14,953523605.1131293
2025-09-15,1102300337.8258162
2025-09-16,1102300337.8258162
2025-09-17,865610081.2374508
2025-09-18,865610081.2374508
2025-09-19,1188749380.7897809
2025-09-20,1188749380.7897809
2025-09-21,1146294045.7615743
2025-09-22,1146294045.7615743
2025-09-23,1018928040.676955
2025-09-24,1018928040.676955
2025-09-25,997700373.1628518
2025-09-26,997700373.1628518
2025-09-27,1096762821.5620003
2025-09-28,1096762821.5620003
2025-09-29,990624483.9914839
2025-09-30,990624483.9914839
