ds,P_hat,P_low,P_high,r_hat
2025-09-30,114470.38890674408,111087.2776381105,117956.53125237681,0.0006117521770164771
2025-10-01,114539.79915287354,111154.63650144932,118028.05535520373,0.0006061760731516325
2025-10-02,114577.03525777101,111190.77211313383,118066.42546832211,0.000325040325570952
2025-10-03,114613.68987310518,111226.3434208688,118104.19638288351,0.00031986124766385303
2025-10-04,114649.7675136677,111261.35480601368,118141.37275117551,0.00031472648342266066
2025-10-05,114685.27266605372,111295.81062256463,118177.95919643038,0.00030963565482070287
2025-10-06,114720.20978872124,111329.71519721237,118213.96031288643,0.00030458838702346916
2025-10-07,114754.58331205294,111363.07282940195,118249.38066585154,0.00029958430836188
2025-10-08,114788.3976384203,111395.8877913951,118284.22479176936,0.00029462305030577993
2025-10-09,114821.65714224985,111428.16432833453,118318.49719828757,0.00028970424743764926
2025-10-10,114854.3661700917,111459.90665831038,118352.20236432842,0.0002848275374265357
2025-10-11,114886.52904069009,111491.11897242867,118385.34474016148,0.00027999256100220244
2025-10-12,114918.150045056,111521.80543488188,118417.9287474785,0.00027519896192949086
2025-10-13,114949.23344654178,111551.97018302127,118449.95877947025,0.00027044638698289726
2025-10-14,114979.7834809178,111581.61732743123,118481.43920090544,0.00026573448592135985
2025-10-15,115009.80435645084,111610.75095200546,118512.37434821168,0.00026106291146325687
2025-10-16,115039.30025398431,111639.37511402484,118542.76852955809,0.0002564313192616111
2025-10-17,115068.27532702048,111667.49384423703,118572.62602493985,0.0002518393678795024
2025-10-18,115096.73370180417,111695.11114693791,118601.95108626466,0.0002472867187656835
2025-10-19,115124.6794774083,111722.23100005448,118630.74793744078,0.0002427730362303987
2025-10-20,115152.11672582099,111748.85735522945,118659.02077446684,0.00023829798742140468
2025-10-21,115179.04949203433,111774.99413790728,118686.77376552329,0.00023386124230018982
2025-10-22,115205.48179413451,111800.64524742182,118714.01105106526,0.0002294624736183922
2025-10-23,115231.41762339372,111825.81455708528,118740.73674391722,0.00022510135689441293
2025-10-24,115256.86094436317,111850.50591427874,118766.95492936905,0.0002207775703902252
2025-10-25,115281.81569496785,111874.72314054385,118792.66966527331,0.00021649079508837536
2025-10-26,115306.28578660231,111898.47003167606,118817.88498214433,0.00021224071466917574
2025-10-27,115330.27510422807,111921.75035781885,118842.60488325823,0.00020802701548808744
2025-10-28,115353.78750647206,111944.56786355951,118866.83334475468,0.00020384938655329147
2025-10-29,115376.82682572638,111966.92626802587,118890.57431573949,0.00019970751950344618
2025-10-30,115399.39686824929,111988.82926498423,118913.83171838876,0.00019560110858562988
2025-10-31,115421.50141426727,112010.28052293851,118936.60944805398,0.00019152985063346765
2025-11-01,115443.14421807828,112031.28368523034,118958.9113733685,0.0001874934450454394
2025-11-02,115464.32900815591,112051.84237014035,118980.74133635484,0.00018349159376336913
2025-11-03,115485.05948725482,112071.96017099022,119002.10315253335,0.00017952400125109336
2025-11-04,115505.33933251697,112091.64065624592,119023.0006110316,0.00017559037447330633
2025-11-05,115525.17219557885,112110.88736962179,119043.43747469498,0.0001716904228745829
2025-11-06,115544.5617026797,112129.70383018552,119063.41748019816,0.00016782385835857402
2025-11-07,115563.51145477052,112148.0935324639,119082.94433815745,0.00016399039526737735
2025-11-08,115582.02502762403,112166.05994654962,119102.02173324404,0.00016018975036107905
2025-11-09,115600.10597194535,112183.60651820859,119120.6533242981,0.00015642164279746517
2025-11-10,115617.7578134835,112200.73666898822,119138.84274444374,0.00015268579411190333
2025-11-11,115634.98405314375,112217.45379632633,119156.5936012046,0.000148981928197391
2025-11-12,115651.78816710044,112233.76127366083,119173.90947662033,0.0001453097712847707
2025-11-13,115668.17360691074,112249.66245053997,119190.7939273637,0.000141669051923109
2025-11-14,115684.14379962895,112265.16065273325,119207.25048485828,0.0001380595009602401
2025-11-15,115747.01600576882,112326.17470436603,119272.03743473475,0.0005433339895928604
2025-11-16,115809.45597859575,112386.76929711082,119336.3789878342,0.0005393066650674104
2025-11-17,115871.46650141662,112446.94713201535,119400.27801222782,0.0005353097150847152
2025-11-18,116010.27557252553,112581.653775089,119543.31444890585,0.0011972403385273622
2025-11-19,116148.70266275051,112715.98972651995,119685.95727165019,0.0011925199506134037
2025-11-20,116286.74945083234,112849.9566154347,119828.20821032682,0.0011878291633900292
2025-11-21,116424.41760562465,112983.55606136474,119970.06898461356,0.0011831677232651
2025-11-22,116561.70878609437,113116.7896742472,120111.54130400044,0.0011785353787953138
2025-11-23,116698.6246413234,113249.65905442617,120252.6268677913,0.0011739318806681593
2025-11-24,116835.16681051113,113382.16579265543,120393.32736510667,0.0011693569816840204
2025-11-25,116971.33692297805,113514.31147010176,120533.64447488716,0.001164810436738431
2025-11-26,117107.13659817034,113646.09765834945,120673.57986589847,0.0011602920028044787
2025-11-27,117242.5674456654,113777.5259194057,120813.13519673691,0.0011558014389153493
2025-11-28,117377.63106517827,113908.59780570689,120952.31211583613,0.0011513385061470258
2025-11-29,117512.32904656923,114039.31486012573,121091.1122614748,0.0011469029676011233
2025-11-30,117646.66296985187,114169.67861597941,121229.53726178518,0.0011424945883878733
2025-12-01,117780.63440520252,114299.69059703854,121367.5887347625,0.0011381131356092448
2025-12-02,117914.24491297019,114429.35231753682,121505.26828827553,0.001133758378342211
2025-12-03,118047.49604368753,114558.66528218176,121642.57752007764,0.001129430087622151
2025-12-04,118180.38933808262,114687.63098616601,121779.51801781911,0.0011251280364263931
2025-12-05,118312.92632709151,114816.25091517967,121916.09135905986,0.0011208519996578953
2025-12-06,118445.1085318716,114944.52654542311,122052.29911128349,0.0011166017541290576
2025-12-07,118576.93746381585,115072.45934362085,122188.14283191167,0.0011123770785456764
2025-12-08,118708.41462456752,115200.05076703598,122323.62406831958,0.0011081777534910264
2025-12-09,118839.54150603608,115327.30226348527,122458.74435785203,0.0011040035614100787
2025-12-10,118970.31959041339,115454.21527135526,122593.50522784039,0.0010998542865938504
2025-12-11,119100.75035019092,115580.79121961871,122727.90819562016,0.0010957297151638823
2025-12-12,119230.83524817752,115707.03152785191,122861.95476854932,0.0010916296350568493
2025-12-13,119360.57573751791,115832.93760625267,122995.64644402746,0.001087553836009298
2025-12-14,119489.9732617118,115958.51085565887,123128.98470951543,0.0010835021095425097
2025-12-15,119619.02925463372,116083.75266756763,123261.9710425557,0.0010794742489474928
2025-12-16,119747.74514055347,116208.66442415518,123394.60691079355,0.0010754700492700997
2025-12-17,119876.12233415717,116333.24749829738,123526.8937719987,0.0010714893072962647
2025-12-18,120004.16224056887,116457.50325359059,123658.83307408763,0.0010675318215373703
2025-12-19,120131.86625537288,116581.43304437336,123790.42625514646,0.001063597392215732
2025-12-20,120259.23576463657,116705.03821574857,123921.6747434547,0.0010596858212502047
2025-12-21,120386.27214493378,116828.32010360617,124052.57995750898,0.0010557969122419113
2025-12-22,120512.97676336874,116951.28003464636,124183.14330604815,0.0010519304704600862
2025-12-23,120639.3509776006,117073.91932640337,124313.36618807817,0.0010480863028280438
2025-12-24,120765.39613586837,117196.23928726974,124443.2499928981,0.0010442642179092564
2025-12-25,120891.11357701656,117318.24121652113,124572.79610012627,0.0010404640258935536
2025-12-26,121016.50463052103,117439.92640434149,124702.00587972716,0.001036685538583435
2025-12-27,121141.57061651562,117561.29613184878,124830.88069203866,0.001032928569380499
2025-12-28,121266.31284581905,117682.35167112119,124959.42188779986,0.0010291929332719794
2025-12-29,121390.73261996244,117803.09428522375,125087.63080817937,0.0010254784468174036
2025-12-30,121514.83123121706,117923.52522823539,125215.50878480404,0.0010217849281353541
2025-12-31,121638.60996262278,118043.64574527636,125343.05713978808,0.0010181121968903433
2026-01-01,121762.07008801671,118163.45707253621,125470.27718576272,0.0010144600742797998
2026-01-02,121885.2128720624,118282.96043730208,125597.17022590626,0.0010108283830211613
2026-01-03,122008.03957027936,118402.15705798725,125723.73755397447,0.0010072169473390746
2026-01-04,122130.55142907306,118521.04814416032,125849.98045433151,0.0010036255929527053
2026-01-05,122252.74968576523,118639.63489657463,125975.90020198115,0.0010000541470631514
2026-01-06,122374.63556862448,118757.91850719805,126101.49806259842,0.0009965024383409623
2026-01-07,122496.21029689751,118875.90015924296,126226.7752925615,0.0009929702969137628
2026-01-08,122617.47508084033,118993.581027197,126351.7331389843,0.0009894575543539798
2026-01-09,122738.43112175012,119110.96227685364,126476.37283974887,0.0009859640436666723
2026-01-10,122859.07961199728,119228.04506534334,126600.69562353868,0.0009824895992774619
2026-01-11,122979.42173505771,119344.83054116508,126724.7027098719,0.0009790340570205657
2026-01-12,123099.4586655456,119461.31984421794,126848.39530913503,0.0009755972541269281
2026-01-13,123219.1915692464,119577.51410583316,126971.77462261691,0.0009721790292124523
2026-01-14,123338.62160315008,119693.41444880652,127094.84184254317,0.0009687792222663296
2026-01-15,123457.74991548462,119809.02198743078,127217.59815211056,0.0009653976746394668
2026-01-16,123576.57764574996,119924.33782752846,127340.04472552188,0.0009620342290330105
2026-01-17,123695.105924752,120039.36306648518,127462.18272802123,0.0009586887294869672
2026-01-18,123813.33587463693,120154.09879328268,127584.01331592926,0.000955361021368917
2026-01-19,123931.26860892588,120268.54608853254,127705.53763667881,0.0009520509513628247
2026-01-20,124048.90523254962,120382.70602450994,127826.7568288509,0.0009487583674579422
2026-01-21,124166.24684188375,120496.57966518764,127947.67202221065,0.0009454831189378039
2026-01-22,124283.29452478387,120610.16806627026,128068.28433774381,0.0009422250563693151
2026-01-23,124400.04936062104,120723.47227522863,128188.59488769324,0.0009389840315919299
2026-01-24,124516.5124203175,120836.49333133448,128308.60477559557,0.000935759897706923
2026-01-25,124632.68476638256,120949.23226569514,128428.31509631833,0.000932552509066746
2026-01-26,124748.5674529486,121061.69010128877,128547.72693609701,0.0009293617212644786
2026-01-27,124864.16152580733,121173.86785299922,128666.84137257244,0.0009261873911233633
2026-01-28,124979.46802244622,121285.76652765155,128785.6594748283,0.0009230293766864298
2026-01-29,125094.48797208507,121397.38712404753,128904.18230342874,0.0009198875372062067
2026-01-30,125209.22239571273,121508.73063300127,129022.41091045643,0.0009167617331345176
2026-01-31,125323.672306124,121619.79803737489,129140.34633955025,0.0009136518261123641
2026-02-01,125437.83870795663,121730.5903121147,129257.98962594388,0.0009105576789598918
2026-02-02,125551.72259772856,121841.10842428698,129375.34179650362,0.0009074791556664422
2026-02-03,125665.32496387516,121951.35333311449,129492.40386976721,0.000904416121380687
2026-02-04,125778.64678678664,122061.32599001251,129609.17685598224,0.000901368442400844
2026-02-05,125891.6890388457,122171.02733862547,129725.6617571448,0.0008983359861649762
2026-02-06,126004.452684465,122280.45831486338,129841.85956703835,0.0008953186212413719
2026-02-07,126116.93868012511,122389.61984693851,129957.77127127258,0.0008923162173190042
2026-02-08,126229.14797441229,122498.51285540212,130073.39784732254,0.0008893286451980728
2026-02-09,126341.08150805642,122607.13825318139,130188.74026456758,0.0008863557767806216
2026-02-10,126452.74021396908,122715.49694561613,130303.79948433067,0.0008833974850612373
2026-02-11,126564.1250172817,122823.58983049603,130418.57645991766,0.0008804536441178259
2026-02-12,126675.23683538368,122931.41779809755,130533.07213665666,0.0008775241291024647
2026-02-13,126786.07657796078,123038.98173122115,130647.28745193746,0.0008746088162323327
2026-02-14,126896.64514703333,123146.28250522848,130761.22333525102,0.0008717075827807157
2026-02-15,127006.94343699476,123253.32098807958,130874.8807082291,0.000868820307068087
2026-02-16,127116.97233464997,123360.09804037033,130988.26048468382,0.0008659468684532637
2026-02-17,127226.7327192539,123466.61451536979,131101.36357064743,0.0008630871473246359
2026-02-18,127336.22546255002,123572.87125905749,131214.1908644119,0.0008602410250914698
2026-02-19,127445.45142880901,123678.86911016105,131326.74325656897,0.0008574083841752837
2026-02-20,127554.41147486735,123784.60890019359,131439.02163004954,0.0008545891080012962
2026-02-21,127663.10645016591,123890.09145349126,131551.02686016393,0.0008517830809899464
2026-02-22,127771.5371967888,123995.31758725077,131662.75981464147,0.0008489901885484837
2026-02-23,127879.70454950196,124100.28811156702,131774.2213536705,0.0008462103170626305
2026-02-24,127987.60933579192,124205.00382947063,131885.41232993826,0.0008434433538883128
2026-02-25,128095.25237590462,124309.46553696557,131996.3335886709,0.0008406891873434596
2026-02-26,128202.63448288405,124413.67402306676,132106.98596767333,0.0008379477066998744
2026-02-27,128309.75646261107,124517.63006983775,132217.37029736914,0.0008352188021751703
2026-02-28,128416.61911384221,124621.33445242816,132327.48740084053,0.0008325023649247766
2026-03-01,128523.22322824835,124724.7879391115,132437.33809386846,0.0008297982870340092
2026-03-02,128629.56959045354,124827.99129132266,132546.92318497226,0.0008271064615102097
2026-03-03,128735.65897807374,124930.94526369558,132656.24347544985,0.0008244267822749501
2026-03-04,128841.49216175554,125033.65060410077,132765.29975941748,0.0008217591441563013
2026-03-05,128947.0699052148,125136.10805368297,132874.0928238497,0.0008191034428811688
2026-03-06,129052.39296527553,125238.31834689854,132982.6234486191,0.0008164595750676893
2026-03-07,129157.46209190832,125340.2822115532,133090.8924065364,0.0008138274382176963
2026-03-08,129262.27802826923,125442.00036883932,133198.90046339008,0.0008112069307092423
2026-03-09,129366.84151073813,125543.47353337357,133306.64837798616,0.000808597951789189
2026-03-10,129471.15326895754,125644.70241323418,133414.13690218798,0.0008060004015658578
2026-03-11,129575.21402587098,125745.6877099985,133521.36678095607,0.0008034141810017404
2026-03-12,129679.02449776158,125846.43011878029,133628.3387523876,0.0008008391919062737
2026-03-13,129782.58539429042,125946.930328267,133735.05354775605,0.0007982753369286723
2026-03-14,129885.89741853508,126047.18902075708,133841.51189155088,0.0007957225195508235
2026-03-15,129988.96126702789,126147.20687219725,133947.71450151698,0.0007931806440802391
2026-03-16,130091.77762979426,126246.98455221955,134053.66208869417,0.0007906496156430703
2026-03-17,130194.34719039094,126346.52272417865,134159.35535745663,0.0007881293401771769
2026-03-18,130296.67062594419,126445.82204518863,134264.79500555218,0.0007856197244252579
2026-03-19,130398.74860718794,126544.88316616029,134369.98172414163,0.0007831206759280376
2026-03-20,130500.58179850185,126643.70673183787,134474.91619783803,0.0007806321030175103
2026-03-21,130602.1708579493,126742.29338083605,134579.59910474572,0.000778153914810242
2026-03-22,130703.51643731535,126840.6437456767,134684.03111649962,0.0007756860212007255
2026-03-23,130804.61918214457,126938.7584528257,134788.21289830402,0.0007732283328547946
2026-03-24,130905.47973177882,127036.63812272952,134892.1451089717,0.0007707807612030922
2026-03-25,131006.09871939501,127134.28336985181,134995.8284009626,0.0007683432184345928
2026-03-26,131106.4767720427,127231.69480271007,135099.26342042285,0.0007659156174901797
2026-03-27,131206.61451068168,127328.87302391193,135202.45080722324,0.0007634978720562769
2026-03-28,131306.5125502195,127425.81863019163,135305.39119499802,0.0007610898965585332
2026-03-29,131406.36567122702,127522.72064548425,135408.28529626966,0.0007601692501100865
2026-03-30,131506.1745844778,127619.57975955681,135511.1338434579,0.000759255666910665
2026-03-31,131605.93999639127,127716.39665795089,135613.93756449586,0.0007583490927706428
2026-04-01,131705.66260905823,127813.1720220073,135716.6971828562,0.0007574494739161393
2026-04-02,131805.34312026596,127909.9065288907,135819.41341757707,0.0007565567569858307
2026-04-03,131904.98222352364,128006.6008516139,135922.086983288,0.0007556708890277832
2026-04-04,132004.58060808727,128103.25565906231,136024.71859023604,0.0007547918174963139
2026-04-05,132104.13895898472,128199.8716160182,136127.30894431123,0.0007539194902488728
2026-04-06,132203.65795704053,128296.44938318469,136229.85874707237,0.0007530538555429501
2026-04-07,132303.1382789008,128392.98961720994,136332.3686957724,0.000752194862033008
2026-04-08,132402.58059705776,128489.49297071109,136434.8394833841,0.0007513424587674341
2026-04-09,132501.98557987442,128585.96009229797,136537.2717986251,0.0007504965951855193
2026-04-10,132601.35389160897,128682.39162659702,136639.66632598327,0.0007496572211144591
2026-04-11,132700.68619243917,128778.78821427477,136742.02374574178,0.0007488242867663775
2026-04-12,132799.9831384866,128875.1504920615,136844.34473400406,0.000747997742735374
2026-04-13,132899.24538184077,128971.47909277459,136946.6299627188,0.0007471775399945922
2026-04-14,132998.47357058327,129067.77464534185,137048.88009970452,0.0007463636298933132
2026-04-15,133097.66834881165,129164.0377748249,137151.09580867446,0.0007455559641540681
2026-04-16,133196.8303566632,129260.26910244218,137253.27774926103,0.0007447544948697762
2026-04-17,133295.96023033882,129356.46924559188,137355.4265770403,0.0007439591745009019
2026-04-18,133395.05860212646,129452.63881787515,137457.5429435563,0.0007431699558726359
2026-04-19,133494.12610042482,129548.77842911863,137559.6274963453,0.0007423867921720963
2026-04-20,133593.1633497667,129644.88868539735,137661.6808789599,0.0007416096369455519
2026-04-21,133692.17097084224,129740.97018905736,137763.70373099312,0.0007408384440956679
2026-04-22,133791.1495805222,129837.02353873814,137865.69668810227,0.0007400731678787695
2026-04-23,133890.09979188108,129933.04932939503,137967.66038203266,0.000739313762902131
2026-04-24,133989.02221422,130029.04815232164,138069.59544064148,0.0007385601841212816
2026-04-25,134087.9174530897,130125.02059517197,138171.50248792119,0.0007378123868373338
2026-04-26,134186.7861103133,130220.96724198254,138273.38214402314,0.0007370703266943329
2026-04-27,134285.62878400888,130316.88867319442,138375.23502528085,0.0007363339596766251
2026-04-28,134384.4460686122,130412.78546567509,138477.0617442333,0.0007356032421062475
2026-04-29,134483.23855489903,130508.65819274027,138578.8629096481,0.0007348781306403366
2026-04-30,134582.00683000754,130604.50742417564,138680.63912654444,0.0007341585822685574
2026-05-01,134680.7514774606,130700.33372625828,138782.39099621607,0.0007334445543105528
2026-05-02,134779.4730771879,130796.1376617784,138884.1191162542,0.0007327360044134118
2026-05-03,134878.1722055479,130891.91979006048,138985.82408057005,0.0007320328905491572
2026-05-04,134976.8494353499,130987.68066698477,139087.50647941747,0.0007313351710122523
2026-05-05,135075.5053358758,131083.42084500834,139189.16689941566,0.0007306428044171278
2026-05-06,135174.14047290178,131179.14087318614,139290.8059235712,0.0007299557496957271
2026-05-07,135272.75540872,131274.84129719212,139392.42413130065,0.0007292739660950692
2026-05-08,135371.35070216007,131370.5226593399,139494.0220984524,0.0007285974131748326
2026-05-09,135469.9269086104,131466.18549860382,139595.6003973291,0.0007279260508049559
2026-05-10,135568.48458003957,131561.83035063918,139697.1595967092,0.000727259839163258
2026-05-11,135667.02426501748,131657.4577478033,139798.70026186906,0.0007265987387330754
2026-05-12,135765.5465087365,131753.0682191756,139900.2229546046,0.0007259427103009189
2026-05-13,135864.05185303235,131848.66229057816,140001.72823325288,0.000725291714954147
2026-05-14,135962.54083640504,131944.2404845959,140103.21665271375,0.0007246457140786579
2026-05-15,136061.01399403965,132039.80332059684,140204.68876447107,0.0007240046693565999
2026-05-16,136159.47185782698,132135.35131475198,140306.1451166141,0.0007233685427640972
2026-05-17,136257.91495638408,132230.88498005542,140407.58625385872,0.0007227372965689958
2026-05-18,136356.34381507477,132326.40482634405,140509.01271756837,0.0007221108933286246
2026-05-19,136454.75895602992,132421.91136031755,140610.4250457753,0.0007214892958875745
2026-05-20,136553.16089816781,132517.40508555775,140711.82377320112,0.0007208724673754951
2026-05-21,136651.55015721417,132612.8865025484,140813.20943127773,0.0007202603712049069
2026-05-22,136749.9272457222,132708.35610869457,140914.58254816802,0.0007196529710690316
2026-05-23,136848.29267309268,132803.8143983418,141015.9436487862,0.0007190502309396387
2026-05-24,136946.64694559356,132899.26186279574,141117.29325481848,0.000718452115064908
2026-05-25,137044.99056637994,132994.69899034084,141218.63188474317,0.0007178585879673092
2026-05-26,137143.3240355135,133090.12626625987,141319.96005385125,0.0007172696144414976
2026-05-27,137241.64784998217,133185.54417285245,141421.27827426605,0.0007166851595522256
2026-05-28,137339.96250371946,133280.95318945413,141522.5870549637,0.0007161051886322711
2026-05-29,137438.26848762378,133376.35379245516,141623.88690179266,0.0007155296672803804
2026-05-30,137536.56628957772,133471.74645531902,141725.1783174938,0.0007149585613592282
2026-05-31,137634.85639446715,133567.13164860097,141826.46180171985,0.0007143918369933927
2026-06-01,137733.13928420018,133662.50983996666,141927.73785105534,0.000713829460567346
2026-06-02,137831.4154377262,133757.88149421028,142029.00695903573,0.0007132713987234602
2026-06-03,137929.68533105453,133853.24707327303,142130.269616167,0.0007127176183600295
2026-06-04,138027.9494372732,133948.60703626112,142231.52630994498,0.0007121680866293054
2026-06-05,138126.2082265677,134043.96183946382,142332.77752487423,0.0007116227709355497
2026-06-06,138224.46216623922,134139.3119363716,142434.02374248754,0.0007110816389331002
2026-06-07,138322.71172072328,134234.6577776938,142535.26544136458,0.0007105446585244524
2026-06-08,138420.95735160797,134329.99981137653,142636.50309715085,0.0007100117978583553
2026-06-09,138519.1995176522,134425.33848262022,142737.7371825765,0.000709483025327923
2026-06-10,138617.43867480368,134520.67423389747,142838.96816747502,0.0007089583095687588
2026-06-11,138715.6752762171,134616.00750497013,142940.19651880168,0.0007084376194570956
2026-06-12,138813.909772272,134711.33873290697,143041.42270065207,0.0007079209241079495
2026-06-13,138912.14261059044,134806.6683521009,143142.64717428046,0.0007074081928732876
2026-06-14,139010.374236055,134901.9967942862,143243.87039811804,0.0007068993953402107
2026-06-15,139108.6050908262,134997.32448855555,143345.09282779114,0.000706394501329149
2026-06-16,139206.83561435997,135092.65186137706,143446.31491613918,0.0007058934808920717
2026-06-17,139305.06624342533,135187.97933661117,143547.53711323263,0.0007053963043107108
2026-06-18,139403.29741212146,135283.30733552756,143648.7598663911,0.0007049029420947991
2026-06-19,139501.52955189507,135378.63627682178,143749.98362020077,0.0007044133649803196
2026-06-20,139599.76309155754,135473.96657663188,143851.20881653225,0.0007039275439277709
2026-06-21,139697.99845730187,135569.29864855498,143952.4358945581,0.0007034454501204439
2026-06-22,139796.23607271974,135664.6329036637,144053.66529077024,0.000702967054962713
2026-06-23,139894.4763588183,135759.96975052258,144154.8974389974,0.0007024923300783398
2026-06-24,139992.71973403692,135855.30959520422,144256.13277042232,0.0007020212473087897
2026-06-25,140090.9666142639,135950.6528413056,144357.371713599,0.0007015537787115624
2026-06-26,140189.21741285297,136045.99988996392,144458.61469446967,0.0007010898965585333
2026-06-27,140287.47254063984,136141.35113987292,144559.86213638182,0.0007006295733343099
2026-06-28,140385.7324059585,136236.70698729847,144661.11446010508,0.0007001727817345991
2026-06-29,140483.99741465756,136332.0678260946,144762.37208384802,0.0006997194946645881
2026-06-30,140582.26797011643,136427.434047719,144863.63542327474,0.0006992696852373362
2026-07-01,140680.54447326143,136522.80604124884,144964.90489152164,0.000698823326772182
2026-07-02,140778.82732258178,136618.1841933962,145066.18089921365,0.0006983803927931582
2026-07-03,140877.1169141456,136713.5688885236,145167.463854481,0.0006979408570274236
2026-07-04,140975.41364161554,136808.96050865925,145268.7541629752,0.000697504693403703
2026-07-05,141073.71789626474,136904.35943351238,145370.05222788543,0.0006970718760507417
2026-07-06,141172.03006699236,136999.76604048844,145471.3584499545,0.0006966423792957706
2026-07-07,141270.35054033913,137095.1807047042,145572.6732274951,0.0006962161776629837
2026-07-08,141368.67970050283,137190.60379900262,145673.99695640564,0.0006957932458720263
2026-07-09,141467.0179293537,137286.03569396804,145775.33003018599,0.0006953735588364962
2026-07-10,141565.36560644966,137381.47675794066,145876.6728399533,0.0006949570916624554
2026-07-11,141663.72310905156,137476.92735703167,145978.02577445778,0.0006945438196469537
2026-07-12,141762.09081213825,137572.38785513758,146079.38922009806,0.0006941337182765628
2026-07-13,141860.46908842167,137667.858613955,146180.76356093682,0.0006937267632259232
2026-07-14,141958.8583083616,137763.33999299508,146282.14917871612,0.0006933229303563007
2026-07-15,142057.25884018082,137858.8323495978,146383.54645287266,0.0006929221957141547
2026-07-16,142155.67104987951,137954.33603894655,146484.95576055304,0.0006925245355297176
2026-07-17,142254.0953012502,138049.85141408205,146586.37747662893,0.0006921299262155846
2026-07-18,142352.53195589213,138145.37882591682,146687.81197371194,0.0006917383443653148
2026-07-19,142450.98137322598,138240.91862324887,146789.2596221687,0.0006913497667520426
2026-07-20,142549.44391050807,138336.47115277615,146890.7207901356,0.0006909641703271006
2026-07-21,142647.91992284483,138432.03675911,146992.19584353367,0.0006905815322186514
2026-07-22,142746.40976320693,138527.61578478935,147093.68514608315,0.0006902018297303322
2026-07-23,142844.91378244356,138623.2085702941,147195.1890593182,0.0006898250403399074
2026-07-24,142943.43232929643,138718.8154540591,147296.7079426012,0.0006894511416979335
2026-07-25,143041.96575041368,138814.43677248762,147398.24215313746,0.000689080111626433
2026-07-26,143140.51439036397,138910.07285996468,147499.7920459892,0.0006887119281175792
2026-07-27,143239.07859165015,139005.72404887062,147601.35797409,0.0006883465693323904
2026-07-28,143337.65869472304,139101.3906695945,147702.9402882591,0.0006879840135994349
2026-07-29,143436.25503799517,139197.07305054713,147804.5393372151,0.0006876242394135454
2026-07-30,143534.86795785424,139292.77151817453,147906.15546759026,0.0006872672254345431
2026-07-31,143633.49778867664,139388.48639697075,148007.78902394426,0.0006869129504859725
2026-08-01,143732.14486284088,139484.2180094911,148109.4403487781,0.0006865613935538452
2026-08-02,143830.80951074098,139579.9666763649,148211.10978254766,0.0006862125337853928
2026-08-03,143929.4920607996,139675.7327163084,148312.79766367766,0.0006858663504878305
2026-08-04,144028.1928394813,139771.51644613783,148414.50432857493,0.0006855228231271302
2026-08-05,144126.9121713056,139867.31818078164,148516.23011164216,0.0006851819313268013
2026-08-06,144225.65037886,139963.1382332934,148617.97534529105,0.0006848436548666829
2026-08-07,144324.40778281292,140058.97691486435,148719.74035995585,0.0006845079736817446
2026-08-08,144423.1847019265,140154.83453483583,148821.5254841064,0.0006841748678608956
2026-08-09,144521.98145306954,140250.71140071168,148923.33104426158,0.0006838443176458044
2026-08-10,144620.79835122993,140346.60781817054,149025.15736500217,0.0006835163034297261
2026-08-11,144719.6357095275,140442.52409107814,149127.00476898387,0.0006831908057563401
2026-08-12,144818.4938392265,140538.46052149948,149228.87357695037,0.0006828678053185955
2026-08-13,144917.37304974796,140634.41740971085,149330.76410774596,0.0006825472829575666
2026-08-14,145016.27364868228,140730.39505421196,149432.67667832854,0.0006822292196613152
2026-08-15,145115.1959418014,140826.39375173775,149534.61160378222,0.0006819135965637646
2026-08-16,145214.14023307103,140922.4137972705,149636.56919732984,0.0006816003949435789
2026-08-17,145313.10682466291,141018.45548405137,149738.54977034562,0.0006812895962230539
2026-08-18,145412.09601696685,141114.51910359232,149840.55363236764,0.0006809811819670141
2026-08-19,145511.10810860273,141210.60494568764,149942.58109111004,0.0006806751338817201
2026-08-20,145610.14339643245,141306.7132984257,150044.63245247558,0.0006803714338137825
2026-08-21,145709.20217557185,141402.84444820028,150146.70802056766,0.0006800700637490859
2026-08-22,145808.28473940236,141498.99867972216,150248.80809770257,0.0006797710058117206
2026-08-23,145907.39137958293,141595.17627603037,150350.93298442152,0.0006794742422629212
2026-08-24,146006.5223860615,141691.37751850364,150453.0829795027,0.0006791797555000154
2026-08-25,146105.6780470866,141787.60268687154,150555.2583799732,0.0006788875280553795
2026-08-26,146204.85864921904,141883.85205922558,150657.45948112078,0.0006785975425954022
2026-08-27,146304.064477343,141980.1259120305,150759.68657650577,0.0006783097819194569
2026-08-28,146403.29581467775,142076.42452013504,150861.93995797265,0.0006780242289588807
2026-08-29,146502.55294278875,142172.74815678317,150964.2199156618,0.000677740866775963
2026-08-30,146601.83614159882,142269.09709362485,151066.52673802106,0.0006774596785629396
2026-08-31,146701.14568939945,142365.47160072665,151168.86071181708,0.0006771806476409967
2026-09-01,146800.48186286172,142461.87194658295,151271.2221221469,0.0006769037574592814
2026-09-02,146899.8449370475,142558.29839812618,151373.6112524492,0.0006766289915939194
2026-09-03,146999.23518542023,142654.7512207378,151476.0283845156,0.0006763563337470415
2026-09-04,147098.65287985583,142751.2306782585,151578.473798502,0.0006760857677458168
2026-09-05,147198.09829065352,142847.73703299902,151680.94777293937,0.0006758172775414928
2026-09-06,147297.5716865466,142944.2705457504,151783.45058474515,0.0006755508472084444
2026-09-07,147397.07333471312,143040.83147579426,151885.98250923416,0.0006752864609432281
2026-09-08,147496.60350078632,143137.42008091335,151988.54382012945,0.000675024103063646
2026-09-09,147596.1624488654,143234.03661740146,152091.13478957315,0.0006747637580078145
2026-09-10,147695.75044152583,143330.68134007382,152193.7556881374,0.0006745054103332414
2026-09-11,147795.36773982982,143427.3545022771,152296.40678483495,0.0006742490447159105
2026-09-12,147895.0146033366,143524.0563558994,152399.08834712981,0.000673994645949372
2026-09-13,147994.69129011282,143620.78715138033,152501.80064094783,0.0006737421989438412
2026-09-14,148094.39805674265,143717.54713772077,152604.5439306874,0.0006734916887253025
2026-09-15,148194.13515833791,143814.33656249297,152707.31847922958,0.000673243100434622
2026-09-16,148293.90284854823,143911.15567185002,152810.12454794886,0.0006729964193266662
2026-09-17,148393.70137957096,144008.00471053575,152912.96239672316,0.0006727516307694264
2026-09-18,148493.53100216127,144104.88392189433,153015.83228394418,0.0006725087202431521
2026-09-19,148593.39196564187,144201.79354787993,153118.73446652776,0.0006722676733394886
2026-09-20,148693.28451791298,144298.73382906622,153221.66919992372,0.000672028475760623
2026-09-21,148793.20890546203,144395.70500465573,153324.63673812614,0.0006717911133184365
2026-09-22,148893.16537337328,144492.7073124895,153427.6373336833,0.0006715555719336615
2026-09-23,148993.15416533765,144589.7409890562,153530.6712377075,0.0006713218376350478
2026-09-24,149093.17552366207,144686.80626950163,153633.73869988509,0.0006710898965585333
2026-09-25,149193.22968927925,144783.90338763772,153736.83996848622,0.0006708597349464216
2026-09-26,149293.3169017569,144881.03257595198,153839.97529037457,0.0006706313391465662
2026-09-27,149393.43739930724,144978.19406561635,153943.14491101704,0.0006704046956115606
2026-09-28,149493.59141879634,145075.3880864965,154046.34907449325,0.0006701797908979347
2026-09-29,149593.77919575336,145172.6148671606,154149.58802350535,0.0006699566116653576
